"legacy_id","legacy_name","catalog_role","legacy_spellings","naming_status","type_status","expression_status","type_classification","proposed_v1_id","proposed_canonical_name","semantic_class","domain","family","variant","current_kind","current_return","proposed_return","capability","provider","live_status","bridge_status","issues","migration_class","notes"
"event.start","onStart","LANGUAGE_COMMAND","none","CANONICAL","CANONICAL","NOT_APPLICABLE","none","event.start","onStart","EVENT","event","event","onStart","EVENT","Void/unspecified","Void","CORE","none","LIVE_CONFIRMED","CLEAN","none","NATIVE_V1","A concrete evaluator or WorkspaceBasicRuntime branch exists for event.start."
"action.wait","wait","LANGUAGE_COMMAND","none","CANONICAL","CANONICAL","NOT_APPLICABLE","none","action.wait","wait","ACTION","action","timing","wait","STATEMENT","Void/unspecified","Void","CORE|TIMING","none","LIVE_CONFIRMED","CLEAN","none","NATIVE_V1","A concrete evaluator or WorkspaceBasicRuntime branch exists for action.wait."
"action.clickText","click","LANGUAGE_COMMAND","none","NEEDS_NORMALIZATION","CONFLICT","NOT_APPLICABLE","none","action.clickText","clickText","ACTION","action","action","clickText","STATEMENT","Void/unspecified","Void","CORE|A11Y","provider.accessibility","LIVE_PROVIDER_DEPENDENT","CONFLICT","LEGACY_ALIAS_REQUIRED|NAMING_FAMILY_OUTLIER|SIGNATURE_CONFLICT","CONTRACT_DECISION","click must remain an import-only legacy spelling. Evidence: Changing a canonical spelling without an alias would break existing scripts. | Proposed V1 canonical name is clickText. Evidence: Frozen V1 separates coordinate click from clickText. | Legacy click(text) conflicts with V1 click(Point/coordinates) and clickText(text). Evidence: Catalog id action.clickText currently has canonicalName=click and a TEXT parameter."
"action.findTemplate","findTemplate","LANGUAGE_COMMAND","none","NEEDS_NORMALIZATION","CONFLICT","LOSSLESS","none","action.findTemplate","templateFind","QUERY","perception","template","templateFind","REPORTER","ImageMatch?","legacy.imageMatch?","CORE|VISION","provider.vision","LIVE_PROVIDER_DEPENDENT","CONFLICT","CAPABILITY_PROVIDER_MIXED|DEFAULT_SOURCE_CONFLICT|DEFAULT_SOURCE_CONFLICT|LEGACY_ALIAS_REQUIRED|NAMING_FAMILY_OUTLIER|PLUGIN_OWNER_NOT_PROVIDER","PROVIDER_METADATA","Capability, plugin owner and provider currently encode the same family in different fields. Evidence: capability=VISION, owner=visualtasker.vision, providerCandidate=provider.vision | Default for imagePath is a legacy string but its proposed V1 parameter is domain-typed. Evidence: The current ContractValue model has no domain-scalar value for IMAGE_TEMPLATE. | Default for searchRegion is a legacy string but its proposed V1 parameter is domain-typed. Evidence: The current ContractValue model has no domain-scalar value for REGION. | findTemplate must remain an import-only legacy spelling. Evidence: Changing a canonical spelling without an alias would break existing scripts. | Proposed V1 canonical name is templateFind. Evidence: Sibling commands templateDefine and templateCompare establish the template+operation family. | pluginOwner is organizational metadata, not a V1 provider contract. Evidence: pluginOwner=visualtasker.vision; providerCandidate=provider.vision."
"action.swipe","swipe","LANGUAGE_COMMAND","none","CANONICAL","CONFLICT","NOT_APPLICABLE","none","action.swipe","swipe","ACTION","input","input","swipe","STATEMENT","Void/unspecified","Void","CORE|A11Y","provider.accessibility","LIVE_PROVIDER_DEPENDENT","NORMALIZABLE","UNTYPED_DEFAULT|UNTYPED_DEFAULT|UNTYPED_PARAMETER|UNTYPED_PARAMETER","NONE","Default for points has no authoritative target type. Evidence: Raw default is ''. | Default for repeat has no authoritative target type. Evidence: Raw default is '1'. | Parameter points uses legacy ANY. Evidence: Accepted legacy types: unspecified. | Parameter repeat uses legacy ANY. Evidence: Accepted legacy types: unspecified."
"input.clickPoint","clickPoint","LANGUAGE_COMMAND","none","CANONICAL","CANONICAL","NOT_APPLICABLE","none","input.clickPoint","clickPoint","ACTION","input","input","clickPoint","STATEMENT","Void/unspecified","Void","CORE|A11Y","provider.accessibility","LIVE_PROVIDER_DEPENDENT","CLEAN","none","NONE","A concrete evaluator or WorkspaceBasicRuntime branch exists for input.clickPoint."
"input.touch","touch","LANGUAGE_COMMAND","none","CANONICAL","CONTRACT_DECIDED","NOT_APPLICABLE","STRUCTURAL_MIGRATION","input.touch","touch","ACTION","input","input","touch","STATEMENT","Void/unspecified","Void","CORE|A11Y","provider.accessibility","DRY_RUN_ONLY","NORMALIZABLE","UNTYPED_DEFAULT|UNTYPED_PARAMETER","STRUCTURAL_MIGRATION","Default for sequence has no authoritative target type. Evidence: Raw default is ''. | Parameter sequence uses legacy ANY. Evidence: Accepted legacy types: unspecified. | M1B-3H-A classifier: 3 repository payload forms, all PARTIAL; raw preserved; no typed migration."
"vision.screenshot","screenshot","LANGUAGE_COMMAND","none","CANONICAL","CANONICAL","NOT_APPLICABLE","none","vision.screenshot","screenshot","ACTION","vision","vision","screenshot","STATEMENT","Void/unspecified","Void","CORE|SCREEN_CAPTURE","provider.screenCapture","LIVE_PROVIDER_DEPENDENT","CLEAN","none","NONE","A concrete evaluator or WorkspaceBasicRuntime branch exists for vision.screenshot."
"vision.ocr","ocr","LANGUAGE_COMMAND","none","CANONICAL","CONFLICT","NOT_APPLICABLE","none","vision.ocr","ocr","ACTION","vision","vision","ocr","STATEMENT","Void/unspecified","Void","CORE|VISION","provider.vision","CATALOG_ONLY","CONFLICT","DEFAULT_SOURCE_CONFLICT|LIVE_FLAG_WITHOUT_DISPATCH","NONE","Default for region is a legacy string but its proposed V1 parameter is domain-typed. Evidence: The current ContractValue model has no domain-scalar value for REGION. | Catalog marks the command live although no complete live path was confirmed. Evidence: Catalog declares runtime metadata, but no explicit live dispatch branch was confirmed."
"vision.findText","findText","LANGUAGE_COMMAND","none","CANONICAL","CANONICAL","LOSSLESS","none","vision.findText","findText","QUERY","vision","vision","findText","REPORTER","TextMatch?","legacy.textMatch?","CORE|VISION","provider.vision","LIVE_PROVIDER_DEPENDENT","NORMALIZABLE","CAPABILITY_PROVIDER_MIXED|PLUGIN_OWNER_NOT_PROVIDER","PROVIDER_METADATA","Capability, plugin owner and provider currently encode the same family in different fields. Evidence: capability=VISION, owner=visualtasker.vision, providerCandidate=provider.vision | pluginOwner is organizational metadata, not a V1 provider contract. Evidence: pluginOwner=visualtasker.vision; providerCandidate=provider.vision."
"vision.highlight","highlight","LANGUAGE_COMMAND","none","CANONICAL","CONFLICT","NOT_APPLICABLE","none","vision.highlight","highlight","ACTION","vision","vision","highlight","STATEMENT","Void/unspecified","Void","CORE|VISION","provider.vision","CATALOG_ONLY","CONFLICT","DEFAULT_SOURCE_CONFLICT|LIVE_FLAG_WITHOUT_DISPATCH","NONE","Default for region is a legacy string but its proposed V1 parameter is domain-typed. Evidence: The current ContractValue model has no domain-scalar value for REGION. | Catalog marks the command live although no complete live path was confirmed. Evidence: Catalog declares runtime metadata, but no explicit live dispatch branch was confirmed."
"vision.markerSave","markerSave","LANGUAGE_COMMAND","none","CANONICAL","CONFLICT","NOT_APPLICABLE","none","vision.markerSave","markerSave","ACTION","vision","marker","markerSave","STATEMENT","Void/unspecified","Void","CORE|VISION","provider.vision","LIVE_PROVIDER_DEPENDENT","CONFLICT","CAPABILITY_PROVIDER_MIXED|DEFAULT_SOURCE_CONFLICT|PLUGIN_OWNER_NOT_PROVIDER","PROVIDER_METADATA","Capability, plugin owner and provider currently encode the same family in different fields. Evidence: capability=VISION, owner=visualtasker.vision, providerCandidate=provider.vision | Default for region is a legacy string but its proposed V1 parameter is domain-typed. Evidence: The current ContractValue model has no domain-scalar value for REGION. | pluginOwner is organizational metadata, not a V1 provider contract. Evidence: pluginOwner=visualtasker.vision; providerCandidate=provider.vision."
"vision.markerLoad","markerLoad","LANGUAGE_COMMAND","none","CANONICAL","CANONICAL","LOSSLESS","none","vision.markerLoad","markerLoad","QUERY","vision","marker","markerLoad","REPORTER","Marker?","legacy.marker?","CORE|VISION","provider.vision","LIVE_PROVIDER_DEPENDENT","NORMALIZABLE","CAPABILITY_PROVIDER_MIXED|PLUGIN_OWNER_NOT_PROVIDER","PROVIDER_METADATA","Capability, plugin owner and provider currently encode the same family in different fields. Evidence: capability=VISION, owner=visualtasker.vision, providerCandidate=provider.vision | pluginOwner is organizational metadata, not a V1 provider contract. Evidence: pluginOwner=visualtasker.vision; providerCandidate=provider.vision."
"vision.markerDelete","markerDelete","LANGUAGE_COMMAND","none","CANONICAL","CANONICAL","NOT_APPLICABLE","none","vision.markerDelete","markerDelete","ACTION","vision","marker","markerDelete","STATEMENT","Void/unspecified","Void","CORE|VISION","provider.vision","LIVE_PROVIDER_DEPENDENT","NORMALIZABLE","CAPABILITY_PROVIDER_MIXED|PLUGIN_OWNER_NOT_PROVIDER","PROVIDER_METADATA","Capability, plugin owner and provider currently encode the same family in different fields. Evidence: capability=VISION, owner=visualtasker.vision, providerCandidate=provider.vision | pluginOwner is organizational metadata, not a V1 provider contract. Evidence: pluginOwner=visualtasker.vision; providerCandidate=provider.vision."
"vision.templateDefine","templateDefine","LANGUAGE_COMMAND","none","CANONICAL","CONFLICT","NOT_APPLICABLE","none","vision.templateDefine","templateDefine","ACTION","vision","template","templateDefine","STATEMENT","Void/unspecified","Void","CORE|VISION","provider.vision","LIVE_PROVIDER_DEPENDENT","CONFLICT","CAPABILITY_PROVIDER_MIXED|DEFAULT_SOURCE_CONFLICT|PLUGIN_OWNER_NOT_PROVIDER","PROVIDER_METADATA","Capability, plugin owner and provider currently encode the same family in different fields. Evidence: capability=VISION, owner=visualtasker.vision, providerCandidate=provider.vision | Default for region is a legacy string but its proposed V1 parameter is domain-typed. Evidence: The current ContractValue model has no domain-scalar value for REGION. | pluginOwner is organizational metadata, not a V1 provider contract. Evidence: pluginOwner=visualtasker.vision; providerCandidate=provider.vision."
"vision.templateCompare","templateCompare","LANGUAGE_COMMAND","none","CANONICAL","CONFLICT","LOSSLESS","none","vision.templateCompare","templateCompare","QUERY","vision","template","templateCompare","REPORTER","Number","Number","CORE|VISION","provider.vision","LIVE_PROVIDER_DEPENDENT","CONFLICT","CAPABILITY_PROVIDER_MIXED|DEFAULT_SOURCE_CONFLICT|PLUGIN_OWNER_NOT_PROVIDER","PROVIDER_METADATA","Capability, plugin owner and provider currently encode the same family in different fields. Evidence: capability=VISION, owner=visualtasker.vision, providerCandidate=provider.vision | Default for region is a legacy string but its proposed V1 parameter is domain-typed. Evidence: The current ContractValue model has no domain-scalar value for REGION. | pluginOwner is organizational metadata, not a V1 provider contract. Evidence: pluginOwner=visualtasker.vision; providerCandidate=provider.vision."
"scene.save","sceneSave","LANGUAGE_COMMAND","none","CANONICAL","CONFLICT","NOT_APPLICABLE","none","scene.save","sceneSave","ACTION","scene","scene","sceneSave","STATEMENT","Void/unspecified","Void","CORE","none","CATALOG_ONLY","CONFLICT","DEFAULT_SOURCE_CONFLICT|LIVE_FLAG_WITHOUT_DISPATCH","NONE","Default for region is a legacy string but its proposed V1 parameter is domain-typed. Evidence: The current ContractValue model has no domain-scalar value for REGION. | Catalog marks the command live although no complete live path was confirmed. Evidence: Catalog declares runtime metadata, but no explicit live dispatch branch was confirmed."
"system.datastorePut","datastorePut","LANGUAGE_COMMAND","none","CANONICAL","RESOLVED","LOSSLESS","TYPE_MAPPING","system.datastorePut","datastorePut","ACTION","system","system","datastorePut","STATEMENT","Void/unspecified","Void","CORE","none","LIVE_CONFIRMED","CLEAN","none","NONE","A concrete evaluator or WorkspaceBasicRuntime branch exists for system.datastorePut."
"system.datastoreGet","datastoreGet","LANGUAGE_COMMAND","none","CANONICAL","CANONICAL","LOSSLESS","none","system.datastoreGet","datastoreGet","QUERY","system","system","datastoreGet","REPORTER","String?","String?","CORE","none","LIVE_CONFIRMED","CLEAN","none","NONE","A concrete evaluator or WorkspaceBasicRuntime branch exists for system.datastoreGet."
"feedback.beep","beep","LANGUAGE_COMMAND","none","CANONICAL","CANONICAL","NOT_APPLICABLE","none","feedback.beep","beep","ACTION","feedback","feedback","beep","STATEMENT","Void/unspecified","Void","CORE|FEEDBACK","none","LIVE_CONFIRMED","CLEAN","none","NATIVE_V1","A concrete evaluator or WorkspaceBasicRuntime branch exists for feedback.beep."
"feedback.vibrate","vibrate","LANGUAGE_COMMAND","none","CANONICAL","RESOLVED","LOSSLESS","SIGNATURE_DECISION","feedback.vibrate","vibrate","ACTION","feedback","feedback","vibrate","STATEMENT","Void/unspecified","Void","CORE|FEEDBACK","none","LIVE_CONFIRMED","CLEAN","none","NONE","A concrete evaluator or WorkspaceBasicRuntime branch exists for feedback.vibrate."
"debug.log","log","LANGUAGE_COMMAND","none","CANONICAL","RESOLVED","LOSSLESS","TYPE_MAPPING","debug.log","log","ACTION","debug","debug","log","STATEMENT","Void/unspecified","Void","CORE|DEBUG","none","LIVE_CONFIRMED","CLEAN","none","NONE","A concrete evaluator or WorkspaceBasicRuntime branch exists for debug.log."
"file.readText","File.readText","LANGUAGE_COMMAND","none","NEEDS_NORMALIZATION","CANONICAL","LOSSLESS","none","file.readText","file.readText","QUERY","file","file","readText","REPORTER","String?","String?","CORE","none","LIVE_CONFIRMED","NORMALIZABLE","LEGACY_ALIAS_REQUIRED|NAMING_FAMILY_OUTLIER|NON_CANONICAL_NAME","LEGACY_ALIAS","File.readText must remain an import-only legacy spelling. Evidence: Changing a canonical spelling without an alias would break existing scripts. | Proposed V1 canonical name is file.readText. Evidence: V1 qualified command names require lowerCamelCase namespace segments. | File.readText does not satisfy the V1 lowerCamelCase namespace rule. Evidence: LanguageContractValidator requires every qualified-name segment to be lowerCamelCase."
"file.writeText","file.writeText","LANGUAGE_COMMAND","File.writeText [read V1.x; remove >= V2]","RESOLVED_WITH_LEGACY_ALIAS","CANONICAL","NOT_APPLICABLE","none","file.writeText","file.writeText","ACTION","file","file","writeText","STATEMENT","Void/unspecified","Void","CORE","none","LIVE_CONFIRMED","CLEAN","none","NONE","A concrete evaluator or WorkspaceBasicRuntime branch exists for file.writeText."
"clipboard.get","Clipboard.get","LANGUAGE_COMMAND","none","NEEDS_NORMALIZATION","CANONICAL","NOT_APPLICABLE","none","clipboard.get","clipboard.get","QUERY","system","clipboard","get","REPORTER","String","String","CORE","none","LIVE_CONFIRMED","NORMALIZABLE","LEGACY_ALIAS_REQUIRED|NAMING_FAMILY_OUTLIER|NON_CANONICAL_NAME","LEGACY_ALIAS","Clipboard.get must remain an import-only legacy spelling. Evidence: Changing a canonical spelling without an alias would break existing scripts. | Proposed V1 canonical name is clipboard.get. Evidence: V1 qualified command names require lowerCamelCase namespace segments. | Clipboard.get does not satisfy the V1 lowerCamelCase namespace rule. Evidence: LanguageContractValidator requires every qualified-name segment to be lowerCamelCase."
"clipboard.set","clipboard.set","LANGUAGE_COMMAND","Clipboard.set [read V1.x; remove >= V2]","RESOLVED_WITH_LEGACY_ALIAS","CANONICAL","NOT_APPLICABLE","none","clipboard.set","clipboard.set","ACTION","system","clipboard","set","STATEMENT","Void/unspecified","Void","CORE","none","LIVE_CONFIRMED","CLEAN","none","NONE","A concrete evaluator or WorkspaceBasicRuntime branch exists for clipboard.set."
"cache.clear","cache.clear","LANGUAGE_COMMAND","Cache.clear [read V1.x; remove >= V2]","RESOLVED_WITH_LEGACY_ALIAS","CANONICAL","NOT_APPLICABLE","none","cache.clear","cache.clear","ACTION","system","cache","clear","STATEMENT","Void/unspecified","Void","CORE","none","LIVE_CONFIRMED","CLEAN","none","NONE","A concrete evaluator or WorkspaceBasicRuntime branch exists for cache.clear."
"system.info","Sys.info","LANGUAGE_COMMAND","none","NEEDS_NORMALIZATION","CANONICAL","NOT_APPLICABLE","none","system.info","sys.info","QUERY","system","sys","info","REPORTER","String","String","CORE","none","LIVE_CONFIRMED","NORMALIZABLE","LEGACY_ALIAS_REQUIRED|NAMING_FAMILY_OUTLIER|NON_CANONICAL_NAME","LEGACY_ALIAS","Sys.info must remain an import-only legacy spelling. Evidence: Changing a canonical spelling without an alias would break existing scripts. | Proposed V1 canonical name is sys.info. Evidence: V1 qualified command names require lowerCamelCase namespace segments. | Sys.info does not satisfy the V1 lowerCamelCase namespace rule. Evidence: LanguageContractValidator requires every qualified-name segment to be lowerCamelCase."
"system.env","Env.get","LANGUAGE_COMMAND","none","NEEDS_NORMALIZATION","CANONICAL","LOSSLESS","none","system.env","env.get","QUERY","system","env","get","REPORTER","String","String","CORE","none","LIVE_CONFIRMED","NORMALIZABLE","LEGACY_ALIAS_REQUIRED|NAMING_FAMILY_OUTLIER|NON_CANONICAL_NAME","LEGACY_ALIAS","Env.get must remain an import-only legacy spelling. Evidence: Changing a canonical spelling without an alias would break existing scripts. | Proposed V1 canonical name is env.get. Evidence: V1 qualified command names require lowerCamelCase namespace segments. | Env.get does not satisfy the V1 lowerCamelCase namespace rule. Evidence: LanguageContractValidator requires every qualified-name segment to be lowerCamelCase."
"chromeTab.open","ChromeTab.open","LANGUAGE_COMMAND","none","NEEDS_NORMALIZATION","CONFLICT","NOT_APPLICABLE","none","chromeTab.open","chromeTab.open","ACTION","chromeTab","chromeTab","open","STATEMENT","Void/unspecified","Void","CORE|CUSTOM_TAB","provider.customTabs","LIVE_PROVIDER_DEPENDENT","NORMALIZABLE","LEGACY_ALIAS_REQUIRED|NAMING_FAMILY_OUTLIER|NON_CANONICAL_NAME|PLUGIN_OWNER_NOT_PROVIDER|UNTYPED_DEFAULT|UNTYPED_PARAMETER","PROVIDER_METADATA","ChromeTab.open must remain an import-only legacy spelling. Evidence: Changing a canonical spelling without an alias would break existing scripts. | Proposed V1 canonical name is chromeTab.open. Evidence: V1 qualified command names require lowerCamelCase namespace segments. | ChromeTab.open does not satisfy the V1 lowerCamelCase namespace rule. Evidence: LanguageContractValidator requires every qualified-name segment to be lowerCamelCase. | pluginOwner is organizational metadata, not a V1 provider contract. Evidence: pluginOwner=visualtasker.customtabs; providerCandidate=provider.customTabs. | Default for options has no authoritative target type. Evidence: Raw default is ''. | Parameter options uses legacy ANY. Evidence: Accepted legacy types: unspecified."
"chromeTab.close","ChromeTab.unbind","LANGUAGE_COMMAND","none","NEEDS_NORMALIZATION","CANONICAL","NOT_APPLICABLE","none","chromeTab.close","chromeTab.unbind","ACTION","chromeTab","chromeTab","unbind","STATEMENT","Void/unspecified","Void","CORE|CUSTOM_TAB","provider.customTabs","LIVE_PROVIDER_DEPENDENT","NORMALIZABLE","LEGACY_ALIAS_REQUIRED|NAMING_FAMILY_OUTLIER|NON_CANONICAL_NAME|PLUGIN_OWNER_NOT_PROVIDER","PROVIDER_METADATA","ChromeTab.unbind must remain an import-only legacy spelling. Evidence: Changing a canonical spelling without an alias would break existing scripts. | Proposed V1 canonical name is chromeTab.unbind. Evidence: V1 qualified command names require lowerCamelCase namespace segments. | ChromeTab.unbind does not satisfy the V1 lowerCamelCase namespace rule. Evidence: LanguageContractValidator requires every qualified-name segment to be lowerCamelCase. | pluginOwner is organizational metadata, not a V1 provider contract. Evidence: pluginOwner=visualtasker.customtabs; providerCandidate=provider.customTabs."
"tasker.runTask","Tasker.runTask","LANGUAGE_COMMAND","none","NEEDS_NORMALIZATION","CONFLICT","NOT_APPLICABLE","none","tasker.runTask","tasker.runTask","ACTION","tasker","tasker","runTask","STATEMENT","Void/unspecified","Void","CORE|TASKER","provider.tasker","LIVE_PROVIDER_DEPENDENT","NORMALIZABLE","CAPABILITY_PROVIDER_MIXED|LEGACY_ALIAS_REQUIRED|NAMING_FAMILY_OUTLIER|NON_CANONICAL_NAME|PLUGIN_OWNER_NOT_PROVIDER|UNTYPED_DEFAULT|UNTYPED_PARAMETER","PROVIDER_METADATA","Capability, plugin owner and provider currently encode the same family in different fields. Evidence: capability=TASKER, owner=visualtasker.tasker, providerCandidate=provider.tasker | Tasker.runTask must remain an import-only legacy spelling. Evidence: Changing a canonical spelling without an alias would break existing scripts. | Proposed V1 canonical name is tasker.runTask. Evidence: V1 qualified command names require lowerCamelCase namespace segments. | Tasker.runTask does not satisfy the V1 lowerCamelCase namespace rule. Evidence: LanguageContractValidator requires every qualified-name segment to be lowerCamelCase. | pluginOwner is organizational metadata, not a V1 provider contract. Evidence: pluginOwner=visualtasker.tasker; providerCandidate=provider.tasker. | Default for parameters has no authoritative target type. Evidence: Raw default is ''. | Parameter parameters uses legacy ANY. Evidence: Accepted legacy types: unspecified."
"tasker.setVariable","Tasker.setVariable","LANGUAGE_COMMAND","none","NEEDS_NORMALIZATION","CONFLICT","NOT_APPLICABLE","none","tasker.setVariable","tasker.setVariable","ACTION","tasker","tasker","setVariable","STATEMENT","Void/unspecified","Void","CORE|TASKER","provider.tasker","LIVE_PROVIDER_DEPENDENT","CONFLICT","CAPABILITY_PROVIDER_MIXED|DEFAULT_SOURCE_CONFLICT|LEGACY_ALIAS_REQUIRED|NAMING_FAMILY_OUTLIER|NON_CANONICAL_NAME|PLUGIN_OWNER_NOT_PROVIDER|UNTYPED_DEFAULT|UNTYPED_PARAMETER","PROVIDER_METADATA","Capability, plugin owner and provider currently encode the same family in different fields. Evidence: capability=TASKER, owner=visualtasker.tasker, providerCandidate=provider.tasker | Default for name is a legacy string but its proposed V1 parameter is domain-typed. Evidence: The current ContractValue model has no domain-scalar value for VARIABLE_REF. | Tasker.setVariable must remain an import-only legacy spelling. Evidence: Changing a canonical spelling without an alias would break existing scripts. | Proposed V1 canonical name is tasker.setVariable. Evidence: V1 qualified command names require lowerCamelCase namespace segments. | Tasker.setVariable does not satisfy the V1 lowerCamelCase namespace rule. Evidence: LanguageContractValidator requires every qualified-name segment to be lowerCamelCase. | pluginOwner is organizational metadata, not a V1 provider contract. Evidence: pluginOwner=visualtasker.tasker; providerCandidate=provider.tasker. | Default for value has no authoritative target type. Evidence: Raw default is ''. | Parameter value uses legacy ANY. Evidence: Accepted legacy types: unspecified."
"tasker.emitEvent","Tasker.emitEvent","LANGUAGE_COMMAND","none","NEEDS_NORMALIZATION","CANONICAL","NOT_APPLICABLE","none","tasker.emitEvent","tasker.emitEvent","ACTION","tasker","tasker","emitEvent","STATEMENT","Void/unspecified","Void","CORE|TASKER","provider.tasker","LIVE_PROVIDER_DEPENDENT","NORMALIZABLE","CAPABILITY_PROVIDER_MIXED|LEGACY_ALIAS_REQUIRED|NAMING_FAMILY_OUTLIER|NON_CANONICAL_NAME|PLUGIN_OWNER_NOT_PROVIDER","PROVIDER_METADATA","Capability, plugin owner and provider currently encode the same family in different fields. Evidence: capability=TASKER, owner=visualtasker.tasker, providerCandidate=provider.tasker | Tasker.emitEvent must remain an import-only legacy spelling. Evidence: Changing a canonical spelling without an alias would break existing scripts. | Proposed V1 canonical name is tasker.emitEvent. Evidence: V1 qualified command names require lowerCamelCase namespace segments. | Tasker.emitEvent does not satisfy the V1 lowerCamelCase namespace rule. Evidence: LanguageContractValidator requires every qualified-name segment to be lowerCamelCase. | pluginOwner is organizational metadata, not a V1 provider contract. Evidence: pluginOwner=visualtasker.tasker; providerCandidate=provider.tasker."
"shizuku.exec","Shizuku.exec","LANGUAGE_COMMAND","none","NEEDS_NORMALIZATION","CONFLICT","NOT_APPLICABLE","none","shizuku.exec","shizuku.exec","ACTION","shizuku","shizuku","exec","STATEMENT","Void/unspecified","Void","CORE|SHIZUKU","provider.shizuku","LIVE_PROVIDER_DEPENDENT","NORMALIZABLE","CAPABILITY_PROVIDER_MIXED|LEGACY_ALIAS_REQUIRED|NAMING_FAMILY_OUTLIER|NON_CANONICAL_NAME|PLUGIN_OWNER_NOT_PROVIDER|UNTYPED_DEFAULT|UNTYPED_PARAMETER","PROVIDER_METADATA","Capability, plugin owner and provider currently encode the same family in different fields. Evidence: capability=SHIZUKU, owner=visualtasker.shizuku, providerCandidate=provider.shizuku | Shizuku.exec must remain an import-only legacy spelling. Evidence: Changing a canonical spelling without an alias would break existing scripts. | Proposed V1 canonical name is shizuku.exec. Evidence: V1 qualified command names require lowerCamelCase namespace segments. | Shizuku.exec does not satisfy the V1 lowerCamelCase namespace rule. Evidence: LanguageContractValidator requires every qualified-name segment to be lowerCamelCase. | pluginOwner is organizational metadata, not a V1 provider contract. Evidence: pluginOwner=visualtasker.shizuku; providerCandidate=provider.shizuku. | Default for args has no authoritative target type. Evidence: Raw default is ''. | Parameter args uses legacy ANY. Evidence: Accepted legacy types: unspecified."
"shizuku.shell","Shizuku.shell","LANGUAGE_COMMAND","none","NEEDS_NORMALIZATION","CANONICAL","NOT_APPLICABLE","none","shizuku.shell","shizuku.shell","ACTION","shizuku","shizuku","shell","STATEMENT","Void/unspecified","Void","CORE|SHIZUKU","provider.shizuku","LIVE_PROVIDER_DEPENDENT","NORMALIZABLE","CAPABILITY_PROVIDER_MIXED|LEGACY_ALIAS_REQUIRED|NAMING_FAMILY_OUTLIER|NON_CANONICAL_NAME|PLUGIN_OWNER_NOT_PROVIDER","PROVIDER_METADATA","Capability, plugin owner and provider currently encode the same family in different fields. Evidence: capability=SHIZUKU, owner=visualtasker.shizuku, providerCandidate=provider.shizuku | Shizuku.shell must remain an import-only legacy spelling. Evidence: Changing a canonical spelling without an alias would break existing scripts. | Proposed V1 canonical name is shizuku.shell. Evidence: V1 qualified command names require lowerCamelCase namespace segments. | Shizuku.shell does not satisfy the V1 lowerCamelCase namespace rule. Evidence: LanguageContractValidator requires every qualified-name segment to be lowerCamelCase. | pluginOwner is organizational metadata, not a V1 provider contract. Evidence: pluginOwner=visualtasker.shizuku; providerCandidate=provider.shizuku."
"termux.run","Termux.run","LANGUAGE_COMMAND","none","NEEDS_NORMALIZATION","CONFLICT","NOT_APPLICABLE","none","termux.run","termux.run","ACTION","termux","termux","run","STATEMENT","Void/unspecified","Void","CORE|TERMUX","provider.termux","LIVE_PROVIDER_DEPENDENT","NORMALIZABLE","CAPABILITY_PROVIDER_MIXED|LEGACY_ALIAS_REQUIRED|NAMING_FAMILY_OUTLIER|NON_CANONICAL_NAME|PLUGIN_OWNER_NOT_PROVIDER|UNTYPED_DEFAULT|UNTYPED_PARAMETER","PROVIDER_METADATA","Capability, plugin owner and provider currently encode the same family in different fields. Evidence: capability=TERMUX, owner=visualtasker.termux, providerCandidate=provider.termux | Termux.run must remain an import-only legacy spelling. Evidence: Changing a canonical spelling without an alias would break existing scripts. | Proposed V1 canonical name is termux.run. Evidence: V1 qualified command names require lowerCamelCase namespace segments. | Termux.run does not satisfy the V1 lowerCamelCase namespace rule. Evidence: LanguageContractValidator requires every qualified-name segment to be lowerCamelCase. | pluginOwner is organizational metadata, not a V1 provider contract. Evidence: pluginOwner=visualtasker.termux; providerCandidate=provider.termux. | Default for args has no authoritative target type. Evidence: Raw default is ''. | Parameter args uses legacy ANY. Evidence: Accepted legacy types: unspecified."
"termux.shell","Termux.shell","LANGUAGE_COMMAND","none","NEEDS_NORMALIZATION","CANONICAL","NOT_APPLICABLE","none","termux.shell","termux.shell","ACTION","termux","termux","shell","STATEMENT","Void/unspecified","Void","CORE|TERMUX","provider.termux","LIVE_PROVIDER_DEPENDENT","NORMALIZABLE","CAPABILITY_PROVIDER_MIXED|LEGACY_ALIAS_REQUIRED|NAMING_FAMILY_OUTLIER|NON_CANONICAL_NAME|PLUGIN_OWNER_NOT_PROVIDER","PROVIDER_METADATA","Capability, plugin owner and provider currently encode the same family in different fields. Evidence: capability=TERMUX, owner=visualtasker.termux, providerCandidate=provider.termux | Termux.shell must remain an import-only legacy spelling. Evidence: Changing a canonical spelling without an alias would break existing scripts. | Proposed V1 canonical name is termux.shell. Evidence: V1 qualified command names require lowerCamelCase namespace segments. | Termux.shell does not satisfy the V1 lowerCamelCase namespace rule. Evidence: LanguageContractValidator requires every qualified-name segment to be lowerCamelCase. | pluginOwner is organizational metadata, not a V1 provider contract. Evidence: pluginOwner=visualtasker.termux; providerCandidate=provider.termux."
"termux.api","Termux.api","LANGUAGE_COMMAND","none","NEEDS_NORMALIZATION","CANONICAL","NOT_APPLICABLE","none","termux.api","termux.api","ACTION","termux","termux","api","STATEMENT","Void/unspecified","Void","CORE|TERMUX","provider.termux","LIVE_PROVIDER_DEPENDENT","NORMALIZABLE","CAPABILITY_PROVIDER_MIXED|LEGACY_ALIAS_REQUIRED|NAMING_FAMILY_OUTLIER|NON_CANONICAL_NAME|PLUGIN_OWNER_NOT_PROVIDER","PROVIDER_METADATA","Capability, plugin owner and provider currently encode the same family in different fields. Evidence: capability=TERMUX, owner=visualtasker.termux, providerCandidate=provider.termux | Termux.api must remain an import-only legacy spelling. Evidence: Changing a canonical spelling without an alias would break existing scripts. | Proposed V1 canonical name is termux.api. Evidence: V1 qualified command names require lowerCamelCase namespace segments. | Termux.api does not satisfy the V1 lowerCamelCase namespace rule. Evidence: LanguageContractValidator requires every qualified-name segment to be lowerCamelCase. | pluginOwner is organizational metadata, not a V1 provider contract. Evidence: pluginOwner=visualtasker.termux; providerCandidate=provider.termux."
"scrcpy.start","Scrcpy.start","LANGUAGE_COMMAND","none","NEEDS_NORMALIZATION","CANONICAL","NOT_APPLICABLE","none","scrcpy.start","scrcpy.start","ACTION","scrcpy","scrcpy","start","STATEMENT","Void/unspecified","Void","CORE|SCRCPY","provider.scrcpy","LIVE_PROVIDER_DEPENDENT","NORMALIZABLE","CAPABILITY_PROVIDER_MIXED|LEGACY_ALIAS_REQUIRED|NAMING_FAMILY_OUTLIER|NON_CANONICAL_NAME|PLUGIN_OWNER_NOT_PROVIDER","PROVIDER_METADATA","Capability, plugin owner and provider currently encode the same family in different fields. Evidence: capability=SCRCPY, owner=visualtasker.scrcpy, providerCandidate=provider.scrcpy | Scrcpy.start must remain an import-only legacy spelling. Evidence: Changing a canonical spelling without an alias would break existing scripts. | Proposed V1 canonical name is scrcpy.start. Evidence: V1 qualified command names require lowerCamelCase namespace segments. | Scrcpy.start does not satisfy the V1 lowerCamelCase namespace rule. Evidence: LanguageContractValidator requires every qualified-name segment to be lowerCamelCase. | pluginOwner is organizational metadata, not a V1 provider contract. Evidence: pluginOwner=visualtasker.scrcpy; providerCandidate=provider.scrcpy."
"scrcpy.stop","Scrcpy.stop","LANGUAGE_COMMAND","none","NEEDS_NORMALIZATION","CONFLICT","NOT_APPLICABLE","none","scrcpy.stop","scrcpy.stop","ACTION","scrcpy","scrcpy","stop","STATEMENT","Void/unspecified","Void","CORE|SCRCPY","provider.scrcpy","LIVE_PROVIDER_DEPENDENT","NORMALIZABLE","CAPABILITY_PROVIDER_MIXED|LEGACY_ALIAS_REQUIRED|NAMING_FAMILY_OUTLIER|NON_CANONICAL_NAME|PLUGIN_OWNER_NOT_PROVIDER|UNTYPED_DEFAULT|UNTYPED_PARAMETER","PROVIDER_METADATA","Capability, plugin owner and provider currently encode the same family in different fields. Evidence: capability=SCRCPY, owner=visualtasker.scrcpy, providerCandidate=provider.scrcpy | Scrcpy.stop must remain an import-only legacy spelling. Evidence: Changing a canonical spelling without an alias would break existing scripts. | Proposed V1 canonical name is scrcpy.stop. Evidence: V1 qualified command names require lowerCamelCase namespace segments. | Scrcpy.stop does not satisfy the V1 lowerCamelCase namespace rule. Evidence: LanguageContractValidator requires every qualified-name segment to be lowerCamelCase. | pluginOwner is organizational metadata, not a V1 provider contract. Evidence: pluginOwner=visualtasker.scrcpy; providerCandidate=provider.scrcpy. | Default for session has no authoritative target type. Evidence: Raw default is ''. | Parameter session uses legacy ANY. Evidence: Accepted legacy types: unspecified."
"scrcpy.touch","Scrcpy.touch","LANGUAGE_COMMAND","none","NEEDS_NORMALIZATION","CONFLICT","NOT_APPLICABLE","none","scrcpy.touch","scrcpy.touch","ACTION","scrcpy","scrcpy","touch","STATEMENT","Void/unspecified","Void","CORE|SCRCPY","provider.scrcpy","LIVE_PROVIDER_DEPENDENT","NORMALIZABLE","CAPABILITY_PROVIDER_MIXED|LEGACY_ALIAS_REQUIRED|NAMING_FAMILY_OUTLIER|NON_CANONICAL_NAME|PLUGIN_OWNER_NOT_PROVIDER|UNTYPED_DEFAULT|UNTYPED_DEFAULT|UNTYPED_PARAMETER|UNTYPED_PARAMETER","PROVIDER_METADATA","Capability, plugin owner and provider currently encode the same family in different fields. Evidence: capability=SCRCPY, owner=visualtasker.scrcpy, providerCandidate=provider.scrcpy | Scrcpy.touch must remain an import-only legacy spelling. Evidence: Changing a canonical spelling without an alias would break existing scripts. | Proposed V1 canonical name is scrcpy.touch. Evidence: V1 qualified command names require lowerCamelCase namespace segments. | Scrcpy.touch does not satisfy the V1 lowerCamelCase namespace rule. Evidence: LanguageContractValidator requires every qualified-name segment to be lowerCamelCase. | pluginOwner is organizational metadata, not a V1 provider contract. Evidence: pluginOwner=visualtasker.scrcpy; providerCandidate=provider.scrcpy. | Default for session has no authoritative target type. Evidence: Raw default is ''. | Default for point has no authoritative target type. Evidence: Raw default is ''. | Parameter session uses legacy ANY. Evidence: Accepted legacy types: unspecified. | Parameter point uses legacy ANY. Evidence: Accepted legacy types: unspecified."
"chart.create","Chart.create","LANGUAGE_COMMAND","none","NEEDS_NORMALIZATION","CONFLICT","NOT_APPLICABLE","none","chart.create","chart.create","ACTION","charts","chart","create","STATEMENT","Void/unspecified","Void","CORE|CHARTS","provider.charts","NO_DISPATCH","CONFLICT","CAPABILITY_PROVIDER_MIXED|LEGACY_ALIAS_REQUIRED|LIVE_FLAG_WITHOUT_DISPATCH|NAMING_FAMILY_OUTLIER|NON_CANONICAL_NAME|PLUGIN_OWNER_NOT_PROVIDER|UNTYPED_DEFAULT|UNTYPED_PARAMETER","PROVIDER_METADATA","Capability, plugin owner and provider currently encode the same family in different fields. Evidence: capability=CHARTS, owner=visualtasker.charts, providerCandidate=provider.charts | Chart.create must remain an import-only legacy spelling. Evidence: Changing a canonical spelling without an alias would break existing scripts. | Catalog marks the command live although no complete live path was confirmed. Evidence: No Chart namespace branch exists in WorkspaceBasicRuntime. | Proposed V1 canonical name is chart.create. Evidence: V1 qualified command names require lowerCamelCase namespace segments. | Chart.create does not satisfy the V1 lowerCamelCase namespace rule. Evidence: LanguageContractValidator requires every qualified-name segment to be lowerCamelCase. | pluginOwner is organizational metadata, not a V1 provider contract. Evidence: pluginOwner=visualtasker.charts; providerCandidate=provider.charts. | Default for data has no authoritative target type. Evidence: Raw default is ''. | Parameter data uses legacy ANY. Evidence: Accepted legacy types: unspecified."
"chart.show","Chart.show","LANGUAGE_COMMAND","none","NEEDS_NORMALIZATION","CONFLICT","NOT_APPLICABLE","none","chart.show","chart.show","ACTION","charts","chart","show","STATEMENT","Void/unspecified","Void","CORE|CHARTS","provider.charts","NO_DISPATCH","CONFLICT","CAPABILITY_PROVIDER_MIXED|LEGACY_ALIAS_REQUIRED|LIVE_FLAG_WITHOUT_DISPATCH|NAMING_FAMILY_OUTLIER|NON_CANONICAL_NAME|PLUGIN_OWNER_NOT_PROVIDER|UNTYPED_DEFAULT|UNTYPED_PARAMETER","PROVIDER_METADATA","Capability, plugin owner and provider currently encode the same family in different fields. Evidence: capability=CHARTS, owner=visualtasker.charts, providerCandidate=provider.charts | Chart.show must remain an import-only legacy spelling. Evidence: Changing a canonical spelling without an alias would break existing scripts. | Catalog marks the command live although no complete live path was confirmed. Evidence: No Chart namespace branch exists in WorkspaceBasicRuntime. | Proposed V1 canonical name is chart.show. Evidence: V1 qualified command names require lowerCamelCase namespace segments. | Chart.show does not satisfy the V1 lowerCamelCase namespace rule. Evidence: LanguageContractValidator requires every qualified-name segment to be lowerCamelCase. | pluginOwner is organizational metadata, not a V1 provider contract. Evidence: pluginOwner=visualtasker.charts; providerCandidate=provider.charts. | Default for chart has no authoritative target type. Evidence: Raw default is ''. | Parameter chart uses legacy ANY. Evidence: Accepted legacy types: unspecified."
"chart.export","Chart.export","LANGUAGE_COMMAND","none","NEEDS_NORMALIZATION","CONFLICT","NOT_APPLICABLE","none","chart.export","chart.export","ACTION","charts","chart","export","STATEMENT","Void/unspecified","Void","CORE|CHARTS","provider.charts","NO_DISPATCH","CONFLICT","CAPABILITY_PROVIDER_MIXED|LEGACY_ALIAS_REQUIRED|LIVE_FLAG_WITHOUT_DISPATCH|NAMING_FAMILY_OUTLIER|NON_CANONICAL_NAME|PLUGIN_OWNER_NOT_PROVIDER|UNTYPED_DEFAULT|UNTYPED_PARAMETER","PROVIDER_METADATA","Capability, plugin owner and provider currently encode the same family in different fields. Evidence: capability=CHARTS, owner=visualtasker.charts, providerCandidate=provider.charts | Chart.export must remain an import-only legacy spelling. Evidence: Changing a canonical spelling without an alias would break existing scripts. | Catalog marks the command live although no complete live path was confirmed. Evidence: No Chart namespace branch exists in WorkspaceBasicRuntime. | Proposed V1 canonical name is chart.export. Evidence: V1 qualified command names require lowerCamelCase namespace segments. | Chart.export does not satisfy the V1 lowerCamelCase namespace rule. Evidence: LanguageContractValidator requires every qualified-name segment to be lowerCamelCase. | pluginOwner is organizational metadata, not a V1 provider contract. Evidence: pluginOwner=visualtasker.charts; providerCandidate=provider.charts. | Default for chart has no authoritative target type. Evidence: Raw default is ''. | Parameter chart uses legacy ANY. Evidence: Accepted legacy types: unspecified."
"variable.set","set","LANGUAGE_COMMAND","none","CANONICAL","RESOLVED","LOSSLESS","TYPECHECKER_RULE","variable.set","set","ACTION","variable","variable","set","VARIABLE","Void/unspecified","Void","CORE","none","LIVE_CONFIRMED","CLEAN","none","NONE","A concrete evaluator or WorkspaceBasicRuntime branch exists for variable.set."
"variable.get","get","LEGACY_EXPRESSION_ALIAS","none","CANONICAL","RESOLVED","NOT_APPLICABLE","EXPRESSION_MODEL","variable.get","get","QUERY","variable","variable","get","VARIABLE","Any","Any","CORE","none","LIVE_CONFIRMED","CLEAN","none","LEGACY_ALIAS","A concrete evaluator or WorkspaceBasicRuntime branch exists for variable.get."
"control.repeat","repeat","LANGUAGE_COMMAND","none","CANONICAL","CANONICAL","NOT_APPLICABLE","none","control.repeat","repeat","CONTROL","control","control","repeat","CONTROL","Void/unspecified","Void","CORE","none","LIVE_CONFIRMED","CLEAN","none","NONE","A concrete evaluator or WorkspaceBasicRuntime branch exists for control.repeat."
"control.while","while","LANGUAGE_COMMAND","none","CANONICAL","CANONICAL","CONFLICT","none","control.while","while","CONTROL","control","control","while","CONTROL","Void/unspecified","Void","CORE","none","LIVE_CONFIRMED","CLEAN","none","NONE","A concrete evaluator or WorkspaceBasicRuntime branch exists for control.while."
"control.if","if","LANGUAGE_COMMAND","none","CONFLICT","CANONICAL","CONFLICT","none","control.if","if","CONTROL","control","control","if","CONTROL","Void/unspecified","Void","CORE","none","LIVE_CONFIRMED","CONFLICT","AMBIGUOUS_ALIAS|CONTROL_DUPLICATE|DUPLICATE_CANONICAL_NAME","CONTRACT_DECISION","Accepted name if resolves to control.if, control.ifElse, control.ifElseIfElse. Evidence: Current winner is control.if because lookup uses firstOrNull(). | Control variants share one command name but have different branch contracts. Evidence: control.if parameters=condition, THEN block=control.if | if is owned by control.if, control.ifElse, control.ifElseIfElse. Evidence: VisualTaskerCommandCatalog groups canonical names case-insensitively and returns firstOrNull()."
"control.ifElse","if","LANGUAGE_COMMAND","none","CONFLICT","CANONICAL","CONFLICT","none","control.ifElse","if","CONTROL","control","control","if","CONTROL","Void/unspecified","Void","CORE","none","LIVE_CONFIRMED","CONFLICT","AMBIGUOUS_ALIAS|CONTROL_DUPLICATE|DUPLICATE_CANONICAL_NAME","CONTRACT_DECISION","Accepted name if resolves to control.if, control.ifElse, control.ifElseIfElse. Evidence: Current winner is control.if because lookup uses firstOrNull(). | Control variants share one command name but have different branch contracts. Evidence: control.ifElse parameters=condition, THEN, ELSE block=control.ifElse | if is owned by control.if, control.ifElse, control.ifElseIfElse. Evidence: VisualTaskerCommandCatalog groups canonical names case-insensitively and returns firstOrNull()."
"control.ifElseIfElse","if","LANGUAGE_COMMAND","none","CONFLICT","CANONICAL","CONFLICT","none","control.ifElseIfElse","if","CONTROL","control","control","if","CONTROL","Void/unspecified","Void","CORE","none","LIVE_CONFIRMED","CONFLICT","AMBIGUOUS_ALIAS|CONTROL_DUPLICATE|DUPLICATE_CANONICAL_NAME","CONTRACT_DECISION","Accepted name if resolves to control.if, control.ifElse, control.ifElseIfElse. Evidence: Current winner is control.if because lookup uses firstOrNull(). | Control variants share one command name but have different branch contracts. Evidence: control.ifElseIfElse parameters=condition, THEN, elseIfCondition, ELIF, ELSE block=control.ifElseIfElse | if is owned by control.if, control.ifElse, control.ifElseIfElse. Evidence: VisualTaskerCommandCatalog groups canonical names case-insensitively and returns firstOrNull()."
"logic.screenContains","screenContains","LANGUAGE_COMMAND","none","CANONICAL","CANONICAL","NOT_APPLICABLE","none","logic.screenContains","screenContains","QUERY","logic","logic","screenContains","REPORTER","Boolean","Bool","CORE|A11Y","provider.accessibility","LIVE_PROVIDER_DEPENDENT","CLEAN","none","NONE","A concrete evaluator or WorkspaceBasicRuntime branch exists for logic.screenContains."
"logic.boolean","boolean","LEGACY_EXPRESSION_ALIAS","none","CANONICAL","RESOLVED","NOT_APPLICABLE","EXPRESSION_MODEL","logic.boolean","boolean","QUERY","logic","logic","boolean","REPORTER","Boolean","Bool","CORE","none","LIVE_CONFIRMED","CLEAN","none","LEGACY_ALIAS","A concrete evaluator or WorkspaceBasicRuntime branch exists for logic.boolean."
"logic.and","and","LANGUAGE_COMMAND","none","CANONICAL","CANONICAL","LOSSLESS","none","logic.and","and","EXPRESSION","logic","logic","and","OPERATOR","Boolean","Bool","CORE","none","LIVE_CONFIRMED","CONFLICT","OPERATOR_OR_LITERAL_MODEL","CONTRACT_DECISION","The catalog entry is the visual block projection of an existing native OperatorDefinition. Evidence: M1B-1 owns &&/|| identity, precedence and serialization through EmscriptV1Operators; a CommandDefinition would create competing truth."
"logic.or","or","LANGUAGE_COMMAND","none","CANONICAL","CANONICAL","LOSSLESS","none","logic.or","or","EXPRESSION","logic","logic","or","OPERATOR","Boolean","Bool","CORE","none","LIVE_CONFIRMED","CONFLICT","OPERATOR_OR_LITERAL_MODEL","CONTRACT_DECISION","The catalog entry is the visual block projection of an existing native OperatorDefinition. Evidence: M1B-1 owns &&/|| identity, precedence and serialization through EmscriptV1Operators; a CommandDefinition would create competing truth."
"logic.operate","operate","LANGUAGE_COMMAND","none","CANONICAL","CANONICAL","LOSSLESS","none","logic.operate","operate","EXPRESSION","logic","logic","operate","OPERATOR","Any","Any","CORE","none","LIVE_CONFIRMED","CLEAN","none","NONE","A concrete evaluator or WorkspaceBasicRuntime branch exists for logic.operate."
"logic.compare","compare","LANGUAGE_COMMAND","none","CANONICAL","CANONICAL","LOSSLESS","none","logic.compare","compare","EXPRESSION","logic","logic","compare","OPERATOR","Boolean","Bool","CORE","none","LIVE_CONFIRMED","CLEAN","none","NONE","A concrete evaluator or WorkspaceBasicRuntime branch exists for logic.compare."
"literal.number","number","LANGUAGE_COMMAND","none","CANONICAL","CANONICAL","NOT_APPLICABLE","none","literal.number","number","VALUE","logic","logic","number","REPORTER","Number","Number","CORE","none","LIVE_CONFIRMED","CONFLICT","OPERATOR_OR_LITERAL_MODEL","CONTRACT_DECISION","The catalog entry is a visual projection of the grammar and IR number literal, not a callable command. Evidence: Parser NumberLiteral, IrExpression.LiteralNumber and canonical numeric serialization do not call number(...)."
"literal.string","string","LANGUAGE_COMMAND","none","CANONICAL","CANONICAL","NOT_APPLICABLE","none","literal.string","string","VALUE","logic","logic","string","REPORTER","Text","String","CORE","none","LIVE_CONFIRMED","CLEAN","none","NONE","A concrete evaluator or WorkspaceBasicRuntime branch exists for literal.string."
"literal.boolean","boolean","CANONICAL_EXPRESSION_PROJECTION","none","CANONICAL","RESOLVED","NOT_APPLICABLE","EXPRESSION_MODEL","literal.boolean","boolean","VALUE","logic","logic","boolean","REPORTER","Boolean","Bool","CORE","none","LIVE_CONFIRMED","CLEAN","none","NONE","A concrete evaluator or WorkspaceBasicRuntime branch exists for literal.boolean."
"rem.region","rem.region","LANGUAGE_COMMAND","none","CANONICAL","CANONICAL","NOT_APPLICABLE","none","rem.region","rem.region","PROJECTION","remFlowNodes","projection","region","STATEMENT","Void/unspecified","Void","CORE","none","NO_DISPATCH","CONFLICT","LIVE_FLAG_WITHOUT_DISPATCH|PLUGIN_OWNER_NOT_PROVIDER|PROJECTION_MODELED_AS_COMMAND","PROJECTION_MIGRATION","Catalog marks the command live although no complete live path was confirmed. Evidence: REM entries are consumed as visual metadata and have no WorkspaceBasicRuntime dispatch branch. | pluginOwner is organizational metadata, not a V1 provider contract. Evidence: pluginOwner=visualtasker.flowchart; providerCandidate=none. | Projection metadata is modeled as a runtime statement. Evidence: kind=STATEMENT, sideEffect=CONTROL_FLOW, liveImplemented=true."
"rem.variableBulk","rem.variableBulk","LANGUAGE_COMMAND","none","CANONICAL","CONFLICT","NOT_APPLICABLE","none","rem.variableBulk","rem.variableBulk","PROJECTION","remFlowNodes","projection","variableBulk","STATEMENT","Void/unspecified","Void","CORE","none","NO_DISPATCH","CONFLICT","LIVE_FLAG_WITHOUT_DISPATCH|PLUGIN_OWNER_NOT_PROVIDER|PROJECTION_MODELED_AS_COMMAND|UNTYPED_DEFAULT|UNTYPED_PARAMETER","PROJECTION_MIGRATION","Catalog marks the command live although no complete live path was confirmed. Evidence: REM entries are consumed as visual metadata and have no WorkspaceBasicRuntime dispatch branch. | pluginOwner is organizational metadata, not a V1 provider contract. Evidence: pluginOwner=visualtasker.flowchart; providerCandidate=none. | Projection metadata is modeled as a runtime statement. Evidence: kind=STATEMENT, sideEffect=CONTROL_FLOW, liveImplemented=true. | Default for variables has no authoritative target type. Evidence: Raw default is '{}'. | Parameter variables uses legacy ANY. Evidence: Accepted legacy types: unspecified."
"rem.expressionCapsule","rem.expressionCapsule","LANGUAGE_COMMAND","none","CANONICAL","CONFLICT","NOT_APPLICABLE","none","rem.expressionCapsule","rem.expressionCapsule","PROJECTION","remFlowNodes","projection","expressionCapsule","STATEMENT","Void/unspecified","Void","CORE","none","NO_DISPATCH","CONFLICT","LIVE_FLAG_WITHOUT_DISPATCH|PLUGIN_OWNER_NOT_PROVIDER|PROJECTION_MODELED_AS_COMMAND|UNTYPED_DEFAULT|UNTYPED_PARAMETER","PROJECTION_MIGRATION","Catalog marks the command live although no complete live path was confirmed. Evidence: REM entries are consumed as visual metadata and have no WorkspaceBasicRuntime dispatch branch. | pluginOwner is organizational metadata, not a V1 provider contract. Evidence: pluginOwner=visualtasker.flowchart; providerCandidate=none. | Projection metadata is modeled as a runtime statement. Evidence: kind=STATEMENT, sideEffect=CONTROL_FLOW, liveImplemented=true. | Default for nodes has no authoritative target type. Evidence: Raw default is '{}'. | Parameter nodes uses legacy ANY. Evidence: Accepted legacy types: unspecified."
"rem.flowBreak","rem.flowBreak","LANGUAGE_COMMAND","none","CANONICAL","CANONICAL","NOT_APPLICABLE","none","rem.flowBreak","rem.flowBreak","PROJECTION","remFlowNodes","projection","flowBreak","STATEMENT","Void/unspecified","Void","CORE","none","NO_DISPATCH","CONFLICT","LIVE_FLAG_WITHOUT_DISPATCH|PLUGIN_OWNER_NOT_PROVIDER|PROJECTION_MODELED_AS_COMMAND","PROJECTION_MIGRATION","Catalog marks the command live although no complete live path was confirmed. Evidence: REM entries are consumed as visual metadata and have no WorkspaceBasicRuntime dispatch branch. | pluginOwner is organizational metadata, not a V1 provider contract. Evidence: pluginOwner=visualtasker.flowchart; providerCandidate=none. | Projection metadata is modeled as a runtime statement. Evidence: kind=STATEMENT, sideEffect=CONTROL_FLOW, liveImplemented=true."
"rem.offPageOut","rem.offPageOut","LANGUAGE_COMMAND","none","CANONICAL","CANONICAL","NOT_APPLICABLE","none","rem.offPageOut","rem.offPageOut","PROJECTION","remFlowNodes","projection","offPageOut","STATEMENT","Void/unspecified","Void","CORE","none","NO_DISPATCH","CONFLICT","LIVE_FLAG_WITHOUT_DISPATCH|PLUGIN_OWNER_NOT_PROVIDER|PROJECTION_MODELED_AS_COMMAND","PROJECTION_MIGRATION","Catalog marks the command live although no complete live path was confirmed. Evidence: REM entries are consumed as visual metadata and have no WorkspaceBasicRuntime dispatch branch. | pluginOwner is organizational metadata, not a V1 provider contract. Evidence: pluginOwner=visualtasker.flowchart; providerCandidate=none. | Projection metadata is modeled as a runtime statement. Evidence: kind=STATEMENT, sideEffect=CONTROL_FLOW, liveImplemented=true."
"rem.offPageIn","rem.offPageIn","LANGUAGE_COMMAND","none","CANONICAL","CANONICAL","NOT_APPLICABLE","none","rem.offPageIn","rem.offPageIn","PROJECTION","remFlowNodes","projection","offPageIn","STATEMENT","Void/unspecified","Void","CORE","none","NO_DISPATCH","CONFLICT","LIVE_FLAG_WITHOUT_DISPATCH|PLUGIN_OWNER_NOT_PROVIDER|PROJECTION_MODELED_AS_COMMAND","PROJECTION_MIGRATION","Catalog marks the command live although no complete live path was confirmed. Evidence: REM entries are consumed as visual metadata and have no WorkspaceBasicRuntime dispatch branch. | pluginOwner is organizational metadata, not a V1 provider contract. Evidence: pluginOwner=visualtasker.flowchart; providerCandidate=none. | Projection metadata is modeled as a runtime statement. Evidence: kind=STATEMENT, sideEffect=CONTROL_FLOW, liveImplemented=true."
"rem.group","rem.group","LANGUAGE_COMMAND","none","CANONICAL","CANONICAL","NOT_APPLICABLE","none","rem.group","rem.group","PROJECTION","remFlowNodes","projection","group","STATEMENT","Void/unspecified","Void","CORE","none","NO_DISPATCH","CONFLICT","LIVE_FLAG_WITHOUT_DISPATCH|PLUGIN_OWNER_NOT_PROVIDER|PROJECTION_MODELED_AS_COMMAND","PROJECTION_MIGRATION","Catalog marks the command live although no complete live path was confirmed. Evidence: REM entries are consumed as visual metadata and have no WorkspaceBasicRuntime dispatch branch. | pluginOwner is organizational metadata, not a V1 provider contract. Evidence: pluginOwner=visualtasker.flowchart; providerCandidate=none. | Projection metadata is modeled as a runtime statement. Evidence: kind=STATEMENT, sideEffect=CONTROL_FLOW, liveImplemented=true."
"rem.layoutHint","rem.layoutHint","LANGUAGE_COMMAND","none","CANONICAL","CANONICAL","NOT_APPLICABLE","none","rem.layoutHint","rem.layoutHint","PROJECTION","remFlowNodes","projection","layoutHint","STATEMENT","Void/unspecified","Void","CORE","none","NO_DISPATCH","CONFLICT","LIVE_FLAG_WITHOUT_DISPATCH|PLUGIN_OWNER_NOT_PROVIDER|PROJECTION_MODELED_AS_COMMAND","PROJECTION_MIGRATION","Catalog marks the command live although no complete live path was confirmed. Evidence: REM entries are consumed as visual metadata and have no WorkspaceBasicRuntime dispatch branch. | pluginOwner is organizational metadata, not a V1 provider contract. Evidence: pluginOwner=visualtasker.flowchart; providerCandidate=none. | Projection metadata is modeled as a runtime statement. Evidence: kind=STATEMENT, sideEffect=CONTROL_FLOW, liveImplemented=true."
"chromeTab.isSupported","chromeTab.isSupported","LANGUAGE_COMMAND","none","CANONICAL","CANONICAL","NOT_APPLICABLE","none","chromeTab.isSupported","chromeTab.isSupported","QUERY","chromeTab","chromeTab","isSupported","REPORTER","Bool","Bool","CORE|CUSTOM_TAB","provider.customTabs","LIVE_PROVIDER_DEPENDENT","NORMALIZABLE","PLUGIN_OWNER_NOT_PROVIDER","PROVIDER_METADATA","pluginOwner is organizational metadata, not a V1 provider contract. Evidence: pluginOwner=visualtasker.customtabs; providerCandidate=provider.customTabs."
"chromeTab.bind","ChromeTab.bind","LANGUAGE_COMMAND","none","NEEDS_NORMALIZATION","CANONICAL","NOT_APPLICABLE","none","chromeTab.bind","chromeTab.bind","ACTION","chromeTab","chromeTab","bind","STATEMENT","Void/unspecified","Void","CORE|CUSTOM_TAB","provider.customTabs","LIVE_PROVIDER_DEPENDENT","NORMALIZABLE","LEGACY_ALIAS_REQUIRED|NAMING_FAMILY_OUTLIER|NON_CANONICAL_NAME|PLUGIN_OWNER_NOT_PROVIDER","PROVIDER_METADATA","ChromeTab.bind must remain an import-only legacy spelling. Evidence: Changing a canonical spelling without an alias would break existing scripts. | Proposed V1 canonical name is chromeTab.bind. Evidence: V1 qualified command names require lowerCamelCase namespace segments. | ChromeTab.bind does not satisfy the V1 lowerCamelCase namespace rule. Evidence: LanguageContractValidator requires every qualified-name segment to be lowerCamelCase. | pluginOwner is organizational metadata, not a V1 provider contract. Evidence: pluginOwner=visualtasker.customtabs; providerCandidate=provider.customTabs."
"chromeTab.create","ChromeTab.create","LANGUAGE_COMMAND","none","NEEDS_NORMALIZATION","CONFLICT","NOT_APPLICABLE","none","chromeTab.create","chromeTab.create","ACTION","chromeTab","chromeTab","create","STATEMENT","Void/unspecified","Void","CORE|CUSTOM_TAB","provider.customTabs","LIVE_PROVIDER_DEPENDENT","NORMALIZABLE","LEGACY_ALIAS_REQUIRED|NAMING_FAMILY_OUTLIER|NON_CANONICAL_NAME|PLUGIN_OWNER_NOT_PROVIDER|UNTYPED_DEFAULT|UNTYPED_PARAMETER","PROVIDER_METADATA","ChromeTab.create must remain an import-only legacy spelling. Evidence: Changing a canonical spelling without an alias would break existing scripts. | Proposed V1 canonical name is chromeTab.create. Evidence: V1 qualified command names require lowerCamelCase namespace segments. | ChromeTab.create does not satisfy the V1 lowerCamelCase namespace rule. Evidence: LanguageContractValidator requires every qualified-name segment to be lowerCamelCase. | pluginOwner is organizational metadata, not a V1 provider contract. Evidence: pluginOwner=visualtasker.customtabs; providerCandidate=provider.customTabs. | Default for options has no authoritative target type. Evidence: Raw default is '{}'. | Parameter options uses legacy ANY. Evidence: Accepted legacy types: unspecified."
"chromeTab.mayLaunchUrl","ChromeTab.mayLaunchUrl","LANGUAGE_COMMAND","none","NEEDS_NORMALIZATION","CANONICAL","NOT_APPLICABLE","none","chromeTab.mayLaunchUrl","chromeTab.mayLaunchUrl","ACTION","chromeTab","chromeTab","mayLaunchUrl","STATEMENT","Void/unspecified","Void","CORE|CUSTOM_TAB","provider.customTabs","LIVE_PROVIDER_DEPENDENT","NORMALIZABLE","LEGACY_ALIAS_REQUIRED|NAMING_FAMILY_OUTLIER|NON_CANONICAL_NAME|PLUGIN_OWNER_NOT_PROVIDER","PROVIDER_METADATA","ChromeTab.mayLaunchUrl must remain an import-only legacy spelling. Evidence: Changing a canonical spelling without an alias would break existing scripts. | Proposed V1 canonical name is chromeTab.mayLaunchUrl. Evidence: V1 qualified command names require lowerCamelCase namespace segments. | ChromeTab.mayLaunchUrl does not satisfy the V1 lowerCamelCase namespace rule. Evidence: LanguageContractValidator requires every qualified-name segment to be lowerCamelCase. | pluginOwner is organizational metadata, not a V1 provider contract. Evidence: pluginOwner=visualtasker.customtabs; providerCandidate=provider.customTabs."
"chromeTab.requestPostMessageChannel","ChromeTab.requestPostMessageChannel","LANGUAGE_COMMAND","none","NEEDS_NORMALIZATION","CANONICAL","NOT_APPLICABLE","none","chromeTab.requestPostMessageChannel","chromeTab.requestPostMessageChannel","ACTION","chromeTab","chromeTab","requestPostMessageChannel","STATEMENT","Void/unspecified","Void","CORE|CUSTOM_TAB","provider.customTabs","LIVE_PROVIDER_DEPENDENT","NORMALIZABLE","LEGACY_ALIAS_REQUIRED|NAMING_FAMILY_OUTLIER|NON_CANONICAL_NAME|PLUGIN_OWNER_NOT_PROVIDER","PROVIDER_METADATA","ChromeTab.requestPostMessageChannel must remain an import-only legacy spelling. Evidence: Changing a canonical spelling without an alias would break existing scripts. | Proposed V1 canonical name is chromeTab.requestPostMessageChannel. Evidence: V1 qualified command names require lowerCamelCase namespace segments. | ChromeTab.requestPostMessageChannel does not satisfy the V1 lowerCamelCase namespace rule. Evidence: LanguageContractValidator requires every qualified-name segment to be lowerCamelCase. | pluginOwner is organizational metadata, not a V1 provider contract. Evidence: pluginOwner=visualtasker.customtabs; providerCandidate=provider.customTabs."
"chromeTab.postMessage","ChromeTab.postMessage","LANGUAGE_COMMAND","none","NEEDS_NORMALIZATION","CANONICAL","NOT_APPLICABLE","none","chromeTab.postMessage","chromeTab.postMessage","ACTION","chromeTab","chromeTab","postMessage","STATEMENT","Void/unspecified","Void","CORE|CUSTOM_TAB","provider.customTabs","LIVE_PROVIDER_DEPENDENT","NORMALIZABLE","LEGACY_ALIAS_REQUIRED|NAMING_FAMILY_OUTLIER|NON_CANONICAL_NAME|PLUGIN_OWNER_NOT_PROVIDER","PROVIDER_METADATA","ChromeTab.postMessage must remain an import-only legacy spelling. Evidence: Changing a canonical spelling without an alias would break existing scripts. | Proposed V1 canonical name is chromeTab.postMessage. Evidence: V1 qualified command names require lowerCamelCase namespace segments. | ChromeTab.postMessage does not satisfy the V1 lowerCamelCase namespace rule. Evidence: LanguageContractValidator requires every qualified-name segment to be lowerCamelCase. | pluginOwner is organizational metadata, not a V1 provider contract. Evidence: pluginOwner=visualtasker.customtabs; providerCandidate=provider.customTabs."
"chromeTab.validateRelationship","ChromeTab.validateRelationship","LANGUAGE_COMMAND","none","NEEDS_NORMALIZATION","CANONICAL","NOT_APPLICABLE","none","chromeTab.validateRelationship","chromeTab.validateRelationship","ACTION","chromeTab","chromeTab","validateRelationship","STATEMENT","Void/unspecified","Void","CORE|CUSTOM_TAB","provider.customTabs","LIVE_PROVIDER_DEPENDENT","NORMALIZABLE","LEGACY_ALIAS_REQUIRED|NAMING_FAMILY_OUTLIER|NON_CANONICAL_NAME|PLUGIN_OWNER_NOT_PROVIDER","PROVIDER_METADATA","ChromeTab.validateRelationship must remain an import-only legacy spelling. Evidence: Changing a canonical spelling without an alias would break existing scripts. | Proposed V1 canonical name is chromeTab.validateRelationship. Evidence: V1 qualified command names require lowerCamelCase namespace segments. | ChromeTab.validateRelationship does not satisfy the V1 lowerCamelCase namespace rule. Evidence: LanguageContractValidator requires every qualified-name segment to be lowerCamelCase. | pluginOwner is organizational metadata, not a V1 provider contract. Evidence: pluginOwner=visualtasker.customtabs; providerCandidate=provider.customTabs."
"tasker.isInstalled","tasker.isInstalled","LANGUAGE_COMMAND","none","CANONICAL","CANONICAL","NOT_APPLICABLE","none","tasker.isInstalled","tasker.isInstalled","QUERY","tasker","tasker","isInstalled","REPORTER","Bool","Bool","CORE|TASKER","provider.tasker","LIVE_PROVIDER_DEPENDENT","NORMALIZABLE","CAPABILITY_PROVIDER_MIXED|PLUGIN_OWNER_NOT_PROVIDER","PROVIDER_METADATA","Capability, plugin owner and provider currently encode the same family in different fields. Evidence: capability=TASKER, owner=visualtasker.tasker, providerCandidate=provider.tasker | pluginOwner is organizational metadata, not a V1 provider contract. Evidence: pluginOwner=visualtasker.tasker; providerCandidate=provider.tasker."
"tasker.isEnabled","tasker.isEnabled","LANGUAGE_COMMAND","none","CANONICAL","CANONICAL","NOT_APPLICABLE","none","tasker.isEnabled","tasker.isEnabled","QUERY","tasker","tasker","isEnabled","REPORTER","Bool","Bool","CORE|TASKER","provider.tasker","LIVE_PROVIDER_DEPENDENT","NORMALIZABLE","CAPABILITY_PROVIDER_MIXED|PLUGIN_OWNER_NOT_PROVIDER","PROVIDER_METADATA","Capability, plugin owner and provider currently encode the same family in different fields. Evidence: capability=TASKER, owner=visualtasker.tasker, providerCandidate=provider.tasker | pluginOwner is organizational metadata, not a V1 provider contract. Evidence: pluginOwner=visualtasker.tasker; providerCandidate=provider.tasker."
"tasker.cancel","Tasker.cancel","LANGUAGE_COMMAND","none","NEEDS_NORMALIZATION","CANONICAL","NOT_APPLICABLE","none","tasker.cancel","tasker.cancel","ACTION","tasker","tasker","cancel","STATEMENT","Void/unspecified","Void","CORE|TASKER","provider.tasker","LIVE_PROVIDER_DEPENDENT","NORMALIZABLE","CAPABILITY_PROVIDER_MIXED|LEGACY_ALIAS_REQUIRED|NAMING_FAMILY_OUTLIER|NON_CANONICAL_NAME|PLUGIN_OWNER_NOT_PROVIDER","PROVIDER_METADATA","Capability, plugin owner and provider currently encode the same family in different fields. Evidence: capability=TASKER, owner=visualtasker.tasker, providerCandidate=provider.tasker | Tasker.cancel must remain an import-only legacy spelling. Evidence: Changing a canonical spelling without an alias would break existing scripts. | Proposed V1 canonical name is tasker.cancel. Evidence: V1 qualified command names require lowerCamelCase namespace segments. | Tasker.cancel does not satisfy the V1 lowerCamelCase namespace rule. Evidence: LanguageContractValidator requires every qualified-name segment to be lowerCamelCase. | pluginOwner is organizational metadata, not a V1 provider contract. Evidence: pluginOwner=visualtasker.tasker; providerCandidate=provider.tasker."
"tasker.getVariable","tasker.getVariable","LANGUAGE_COMMAND","none","CANONICAL","CONFLICT","LOSSLESS","none","tasker.getVariable","tasker.getVariable","QUERY","tasker","tasker","getVariable","REPORTER","String?","String?","CORE|TASKER","provider.tasker","LIVE_PROVIDER_DEPENDENT","CONFLICT","CAPABILITY_PROVIDER_MIXED|DEFAULT_SOURCE_CONFLICT|PLUGIN_OWNER_NOT_PROVIDER","PROVIDER_METADATA","Capability, plugin owner and provider currently encode the same family in different fields. Evidence: capability=TASKER, owner=visualtasker.tasker, providerCandidate=provider.tasker | Default for name is a legacy string but its proposed V1 parameter is domain-typed. Evidence: The current ContractValue model has no domain-scalar value for VARIABLE_REF. | pluginOwner is organizational metadata, not a V1 provider contract. Evidence: pluginOwner=visualtasker.tasker; providerCandidate=provider.tasker."
"tasker.clearVariable","Tasker.clearVariable","LANGUAGE_COMMAND","none","NEEDS_NORMALIZATION","CONFLICT","NOT_APPLICABLE","none","tasker.clearVariable","tasker.clearVariable","ACTION","tasker","tasker","clearVariable","STATEMENT","Void/unspecified","Void","CORE|TASKER","provider.tasker","LIVE_PROVIDER_DEPENDENT","CONFLICT","CAPABILITY_PROVIDER_MIXED|DEFAULT_SOURCE_CONFLICT|LEGACY_ALIAS_REQUIRED|NAMING_FAMILY_OUTLIER|NON_CANONICAL_NAME|PLUGIN_OWNER_NOT_PROVIDER","PROVIDER_METADATA","Capability, plugin owner and provider currently encode the same family in different fields. Evidence: capability=TASKER, owner=visualtasker.tasker, providerCandidate=provider.tasker | Default for name is a legacy string but its proposed V1 parameter is domain-typed. Evidence: The current ContractValue model has no domain-scalar value for VARIABLE_REF. | Tasker.clearVariable must remain an import-only legacy spelling. Evidence: Changing a canonical spelling without an alias would break existing scripts. | Proposed V1 canonical name is tasker.clearVariable. Evidence: V1 qualified command names require lowerCamelCase namespace segments. | Tasker.clearVariable does not satisfy the V1 lowerCamelCase namespace rule. Evidence: LanguageContractValidator requires every qualified-name segment to be lowerCamelCase. | pluginOwner is organizational metadata, not a V1 provider contract. Evidence: pluginOwner=visualtasker.tasker; providerCandidate=provider.tasker."
"tasker.getVariables","tasker.getVariables","LANGUAGE_COMMAND","none","CANONICAL","CANONICAL","LOSSLESS","none","tasker.getVariables","tasker.getVariables","QUERY","tasker","tasker","getVariables","REPORTER","List<TaskerVariable>","List<TaskerVariable>","CORE|TASKER","provider.tasker","LIVE_PROVIDER_DEPENDENT","NORMALIZABLE","CAPABILITY_PROVIDER_MIXED|PLUGIN_OWNER_NOT_PROVIDER","PROVIDER_METADATA","Capability, plugin owner and provider currently encode the same family in different fields. Evidence: capability=TASKER, owner=visualtasker.tasker, providerCandidate=provider.tasker | pluginOwner is organizational metadata, not a V1 provider contract. Evidence: pluginOwner=visualtasker.tasker; providerCandidate=provider.tasker."
"tasker.lastResult","Tasker.lastResult","LANGUAGE_COMMAND","none","NEEDS_NORMALIZATION","CANONICAL","NOT_APPLICABLE","none","tasker.lastResult","tasker.lastResult","ACTION","tasker","tasker","lastResult","STATEMENT","Void/unspecified","Void","CORE|TASKER","provider.tasker","LIVE_PROVIDER_DEPENDENT","NORMALIZABLE","CAPABILITY_PROVIDER_MIXED|LEGACY_ALIAS_REQUIRED|NAMING_FAMILY_OUTLIER|NON_CANONICAL_NAME|PLUGIN_OWNER_NOT_PROVIDER","PROVIDER_METADATA","Capability, plugin owner and provider currently encode the same family in different fields. Evidence: capability=TASKER, owner=visualtasker.tasker, providerCandidate=provider.tasker | Tasker.lastResult must remain an import-only legacy spelling. Evidence: Changing a canonical spelling without an alias would break existing scripts. | Proposed V1 canonical name is tasker.lastResult. Evidence: V1 qualified command names require lowerCamelCase namespace segments. | Tasker.lastResult does not satisfy the V1 lowerCamelCase namespace rule. Evidence: LanguageContractValidator requires every qualified-name segment to be lowerCamelCase. | pluginOwner is organizational metadata, not a V1 provider contract. Evidence: pluginOwner=visualtasker.tasker; providerCandidate=provider.tasker."
"tasker.error","Tasker.error","LANGUAGE_COMMAND","none","NEEDS_NORMALIZATION","CANONICAL","NOT_APPLICABLE","none","tasker.error","tasker.error","ACTION","tasker","tasker","error","STATEMENT","Void/unspecified","Void","CORE|TASKER","provider.tasker","LIVE_PROVIDER_DEPENDENT","NORMALIZABLE","CAPABILITY_PROVIDER_MIXED|LEGACY_ALIAS_REQUIRED|NAMING_FAMILY_OUTLIER|NON_CANONICAL_NAME|PLUGIN_OWNER_NOT_PROVIDER","PROVIDER_METADATA","Capability, plugin owner and provider currently encode the same family in different fields. Evidence: capability=TASKER, owner=visualtasker.tasker, providerCandidate=provider.tasker | Tasker.error must remain an import-only legacy spelling. Evidence: Changing a canonical spelling without an alias would break existing scripts. | Proposed V1 canonical name is tasker.error. Evidence: V1 qualified command names require lowerCamelCase namespace segments. | Tasker.error does not satisfy the V1 lowerCamelCase namespace rule. Evidence: LanguageContractValidator requires every qualified-name segment to be lowerCamelCase. | pluginOwner is organizational metadata, not a V1 provider contract. Evidence: pluginOwner=visualtasker.tasker; providerCandidate=provider.tasker."
"tasker.action","Tasker.action","LANGUAGE_COMMAND","none","NEEDS_NORMALIZATION","CONFLICT","NOT_APPLICABLE","none","tasker.action","tasker.action","ACTION","tasker","tasker","action","STATEMENT","Void/unspecified","Void","CORE|TASKER","provider.tasker","LIVE_PROVIDER_DEPENDENT","NORMALIZABLE","CAPABILITY_PROVIDER_MIXED|LEGACY_ALIAS_REQUIRED|NAMING_FAMILY_OUTLIER|NON_CANONICAL_NAME|PLUGIN_OWNER_NOT_PROVIDER|UNTYPED_DEFAULT|UNTYPED_PARAMETER","PROVIDER_METADATA","Capability, plugin owner and provider currently encode the same family in different fields. Evidence: capability=TASKER, owner=visualtasker.tasker, providerCandidate=provider.tasker | Tasker.action must remain an import-only legacy spelling. Evidence: Changing a canonical spelling without an alias would break existing scripts. | Proposed V1 canonical name is tasker.action. Evidence: V1 qualified command names require lowerCamelCase namespace segments. | Tasker.action does not satisfy the V1 lowerCamelCase namespace rule. Evidence: LanguageContractValidator requires every qualified-name segment to be lowerCamelCase. | pluginOwner is organizational metadata, not a V1 provider contract. Evidence: pluginOwner=visualtasker.tasker; providerCandidate=provider.tasker. | Default for args has no authoritative target type. Evidence: Raw default is '{}'. | Parameter args uses legacy ANY. Evidence: Accepted legacy types: unspecified."
"tasker.pluginAction","Tasker.pluginAction","LANGUAGE_COMMAND","none","NEEDS_NORMALIZATION","CONFLICT","NOT_APPLICABLE","none","tasker.pluginAction","tasker.pluginAction","ACTION","tasker","tasker","pluginAction","STATEMENT","Void/unspecified","Void","CORE|TASKER","provider.tasker","LIVE_PROVIDER_DEPENDENT","NORMALIZABLE","CAPABILITY_PROVIDER_MIXED|LEGACY_ALIAS_REQUIRED|NAMING_FAMILY_OUTLIER|NON_CANONICAL_NAME|PLUGIN_OWNER_NOT_PROVIDER|UNTYPED_DEFAULT|UNTYPED_PARAMETER","PROVIDER_METADATA","Capability, plugin owner and provider currently encode the same family in different fields. Evidence: capability=TASKER, owner=visualtasker.tasker, providerCandidate=provider.tasker | Tasker.pluginAction must remain an import-only legacy spelling. Evidence: Changing a canonical spelling without an alias would break existing scripts. | Proposed V1 canonical name is tasker.pluginAction. Evidence: V1 qualified command names require lowerCamelCase namespace segments. | Tasker.pluginAction does not satisfy the V1 lowerCamelCase namespace rule. Evidence: LanguageContractValidator requires every qualified-name segment to be lowerCamelCase. | pluginOwner is organizational metadata, not a V1 provider contract. Evidence: pluginOwner=visualtasker.tasker; providerCandidate=provider.tasker. | Default for args has no authoritative target type. Evidence: Raw default is '{}'. | Parameter args uses legacy ANY. Evidence: Accepted legacy types: unspecified."
"tasker.profileEnable","Tasker.profileEnable","LANGUAGE_COMMAND","none","NEEDS_NORMALIZATION","CANONICAL","NOT_APPLICABLE","none","tasker.profileEnable","tasker.profileEnable","ACTION","tasker","tasker","profileEnable","STATEMENT","Void/unspecified","Void","CORE|TASKER","provider.tasker","LIVE_PROVIDER_DEPENDENT","NORMALIZABLE","CAPABILITY_PROVIDER_MIXED|LEGACY_ALIAS_REQUIRED|NAMING_FAMILY_OUTLIER|NON_CANONICAL_NAME|PLUGIN_OWNER_NOT_PROVIDER","PROVIDER_METADATA","Capability, plugin owner and provider currently encode the same family in different fields. Evidence: capability=TASKER, owner=visualtasker.tasker, providerCandidate=provider.tasker | Tasker.profileEnable must remain an import-only legacy spelling. Evidence: Changing a canonical spelling without an alias would break existing scripts. | Proposed V1 canonical name is tasker.profileEnable. Evidence: V1 qualified command names require lowerCamelCase namespace segments. | Tasker.profileEnable does not satisfy the V1 lowerCamelCase namespace rule. Evidence: LanguageContractValidator requires every qualified-name segment to be lowerCamelCase. | pluginOwner is organizational metadata, not a V1 provider contract. Evidence: pluginOwner=visualtasker.tasker; providerCandidate=provider.tasker."
"tasker.profileDisable","Tasker.profileDisable","LANGUAGE_COMMAND","none","NEEDS_NORMALIZATION","CANONICAL","NOT_APPLICABLE","none","tasker.profileDisable","tasker.profileDisable","ACTION","tasker","tasker","profileDisable","STATEMENT","Void/unspecified","Void","CORE|TASKER","provider.tasker","LIVE_PROVIDER_DEPENDENT","NORMALIZABLE","CAPABILITY_PROVIDER_MIXED|LEGACY_ALIAS_REQUIRED|NAMING_FAMILY_OUTLIER|NON_CANONICAL_NAME|PLUGIN_OWNER_NOT_PROVIDER","PROVIDER_METADATA","Capability, plugin owner and provider currently encode the same family in different fields. Evidence: capability=TASKER, owner=visualtasker.tasker, providerCandidate=provider.tasker | Tasker.profileDisable must remain an import-only legacy spelling. Evidence: Changing a canonical spelling without an alias would break existing scripts. | Proposed V1 canonical name is tasker.profileDisable. Evidence: V1 qualified command names require lowerCamelCase namespace segments. | Tasker.profileDisable does not satisfy the V1 lowerCamelCase namespace rule. Evidence: LanguageContractValidator requires every qualified-name segment to be lowerCamelCase. | pluginOwner is organizational metadata, not a V1 provider contract. Evidence: pluginOwner=visualtasker.tasker; providerCandidate=provider.tasker."
"tasker.profileToggle","Tasker.profileToggle","LANGUAGE_COMMAND","none","NEEDS_NORMALIZATION","CANONICAL","NOT_APPLICABLE","none","tasker.profileToggle","tasker.profileToggle","ACTION","tasker","tasker","profileToggle","STATEMENT","Void/unspecified","Void","CORE|TASKER","provider.tasker","LIVE_PROVIDER_DEPENDENT","NORMALIZABLE","CAPABILITY_PROVIDER_MIXED|LEGACY_ALIAS_REQUIRED|NAMING_FAMILY_OUTLIER|NON_CANONICAL_NAME|PLUGIN_OWNER_NOT_PROVIDER","PROVIDER_METADATA","Capability, plugin owner and provider currently encode the same family in different fields. Evidence: capability=TASKER, owner=visualtasker.tasker, providerCandidate=provider.tasker | Tasker.profileToggle must remain an import-only legacy spelling. Evidence: Changing a canonical spelling without an alias would break existing scripts. | Proposed V1 canonical name is tasker.profileToggle. Evidence: V1 qualified command names require lowerCamelCase namespace segments. | Tasker.profileToggle does not satisfy the V1 lowerCamelCase namespace rule. Evidence: LanguageContractValidator requires every qualified-name segment to be lowerCamelCase. | pluginOwner is organizational metadata, not a V1 provider contract. Evidence: pluginOwner=visualtasker.tasker; providerCandidate=provider.tasker."
"tasker.profileState","Tasker.profileState","LANGUAGE_COMMAND","none","NEEDS_NORMALIZATION","CANONICAL","NOT_APPLICABLE","none","tasker.profileState","tasker.profileState","ACTION","tasker","tasker","profileState","STATEMENT","Void/unspecified","Void","CORE|TASKER","provider.tasker","LIVE_PROVIDER_DEPENDENT","NORMALIZABLE","CAPABILITY_PROVIDER_MIXED|LEGACY_ALIAS_REQUIRED|NAMING_FAMILY_OUTLIER|NON_CANONICAL_NAME|PLUGIN_OWNER_NOT_PROVIDER","PROVIDER_METADATA","Capability, plugin owner and provider currently encode the same family in different fields. Evidence: capability=TASKER, owner=visualtasker.tasker, providerCandidate=provider.tasker | Tasker.profileState must remain an import-only legacy spelling. Evidence: Changing a canonical spelling without an alias would break existing scripts. | Proposed V1 canonical name is tasker.profileState. Evidence: V1 qualified command names require lowerCamelCase namespace segments. | Tasker.profileState does not satisfy the V1 lowerCamelCase namespace rule. Evidence: LanguageContractValidator requires every qualified-name segment to be lowerCamelCase. | pluginOwner is organizational metadata, not a V1 provider contract. Evidence: pluginOwner=visualtasker.tasker; providerCandidate=provider.tasker."
"shizuku.isInstalled","shizuku.isInstalled","LANGUAGE_COMMAND","none","CANONICAL","CANONICAL","NOT_APPLICABLE","none","shizuku.isInstalled","shizuku.isInstalled","QUERY","shizuku","shizuku","isInstalled","REPORTER","Bool","Bool","CORE|SHIZUKU","provider.shizuku","LIVE_PROVIDER_DEPENDENT","NORMALIZABLE","CAPABILITY_PROVIDER_MIXED|PLUGIN_OWNER_NOT_PROVIDER","PROVIDER_METADATA","Capability, plugin owner and provider currently encode the same family in different fields. Evidence: capability=SHIZUKU, owner=visualtasker.shizuku, providerCandidate=provider.shizuku | pluginOwner is organizational metadata, not a V1 provider contract. Evidence: pluginOwner=visualtasker.shizuku; providerCandidate=provider.shizuku."
"shizuku.isAvailable","shizuku.isAvailable","LANGUAGE_COMMAND","none","CANONICAL","CANONICAL","NOT_APPLICABLE","none","shizuku.isAvailable","shizuku.isAvailable","QUERY","shizuku","shizuku","isAvailable","REPORTER","Bool","Bool","CORE|SHIZUKU","provider.shizuku","LIVE_PROVIDER_DEPENDENT","NORMALIZABLE","CAPABILITY_PROVIDER_MIXED|PLUGIN_OWNER_NOT_PROVIDER","PROVIDER_METADATA","Capability, plugin owner and provider currently encode the same family in different fields. Evidence: capability=SHIZUKU, owner=visualtasker.shizuku, providerCandidate=provider.shizuku | pluginOwner is organizational metadata, not a V1 provider contract. Evidence: pluginOwner=visualtasker.shizuku; providerCandidate=provider.shizuku."
"shizuku.getUid","shizuku.getUid","LANGUAGE_COMMAND","none","CANONICAL","CANONICAL","NOT_APPLICABLE","none","shizuku.getUid","shizuku.getUid","QUERY","shizuku","shizuku","getUid","REPORTER","Number?","Number?","CORE|SHIZUKU","provider.shizuku","LIVE_PROVIDER_DEPENDENT","NORMALIZABLE","CAPABILITY_PROVIDER_MIXED|PLUGIN_OWNER_NOT_PROVIDER","PROVIDER_METADATA","Capability, plugin owner and provider currently encode the same family in different fields. Evidence: capability=SHIZUKU, owner=visualtasker.shizuku, providerCandidate=provider.shizuku | pluginOwner is organizational metadata, not a V1 provider contract. Evidence: pluginOwner=visualtasker.shizuku; providerCandidate=provider.shizuku."
"shizuku.permissionState","Shizuku.permissionState","LANGUAGE_COMMAND","none","NEEDS_NORMALIZATION","CANONICAL","NOT_APPLICABLE","none","shizuku.permissionState","shizuku.permissionState","ACTION","shizuku","shizuku","permissionState","STATEMENT","Void/unspecified","Void","CORE|SHIZUKU","provider.shizuku","LIVE_PROVIDER_DEPENDENT","NORMALIZABLE","CAPABILITY_PROVIDER_MIXED|LEGACY_ALIAS_REQUIRED|NAMING_FAMILY_OUTLIER|NON_CANONICAL_NAME|PLUGIN_OWNER_NOT_PROVIDER","PROVIDER_METADATA","Capability, plugin owner and provider currently encode the same family in different fields. Evidence: capability=SHIZUKU, owner=visualtasker.shizuku, providerCandidate=provider.shizuku | Shizuku.permissionState must remain an import-only legacy spelling. Evidence: Changing a canonical spelling without an alias would break existing scripts. | Proposed V1 canonical name is shizuku.permissionState. Evidence: V1 qualified command names require lowerCamelCase namespace segments. | Shizuku.permissionState does not satisfy the V1 lowerCamelCase namespace rule. Evidence: LanguageContractValidator requires every qualified-name segment to be lowerCamelCase. | pluginOwner is organizational metadata, not a V1 provider contract. Evidence: pluginOwner=visualtasker.shizuku; providerCandidate=provider.shizuku."
"shizuku.requestPermission","Shizuku.requestPermission","LANGUAGE_COMMAND","none","NEEDS_NORMALIZATION","CANONICAL","NOT_APPLICABLE","none","shizuku.requestPermission","shizuku.requestPermission","ACTION","shizuku","shizuku","requestPermission","STATEMENT","Void/unspecified","Void","CORE|SHIZUKU","provider.shizuku","LIVE_PROVIDER_DEPENDENT","NORMALIZABLE","CAPABILITY_PROVIDER_MIXED|LEGACY_ALIAS_REQUIRED|NAMING_FAMILY_OUTLIER|NON_CANONICAL_NAME|PLUGIN_OWNER_NOT_PROVIDER","PROVIDER_METADATA","Capability, plugin owner and provider currently encode the same family in different fields. Evidence: capability=SHIZUKU, owner=visualtasker.shizuku, providerCandidate=provider.shizuku | Shizuku.requestPermission must remain an import-only legacy spelling. Evidence: Changing a canonical spelling without an alias would break existing scripts. | Proposed V1 canonical name is shizuku.requestPermission. Evidence: V1 qualified command names require lowerCamelCase namespace segments. | Shizuku.requestPermission does not satisfy the V1 lowerCamelCase namespace rule. Evidence: LanguageContractValidator requires every qualified-name segment to be lowerCamelCase. | pluginOwner is organizational metadata, not a V1 provider contract. Evidence: pluginOwner=visualtasker.shizuku; providerCandidate=provider.shizuku."
"shizuku.bindUserService","Shizuku.bindUserService","LANGUAGE_COMMAND","none","NEEDS_NORMALIZATION","CANONICAL","NOT_APPLICABLE","none","shizuku.bindUserService","shizuku.bindUserService","ACTION","shizuku","shizuku","bindUserService","STATEMENT","Void/unspecified","Void","CORE|SHIZUKU","provider.shizuku","LIVE_PROVIDER_DEPENDENT","NORMALIZABLE","CAPABILITY_PROVIDER_MIXED|LEGACY_ALIAS_REQUIRED|NAMING_FAMILY_OUTLIER|NON_CANONICAL_NAME|PLUGIN_OWNER_NOT_PROVIDER","PROVIDER_METADATA","Capability, plugin owner and provider currently encode the same family in different fields. Evidence: capability=SHIZUKU, owner=visualtasker.shizuku, providerCandidate=provider.shizuku | Shizuku.bindUserService must remain an import-only legacy spelling. Evidence: Changing a canonical spelling without an alias would break existing scripts. | Proposed V1 canonical name is shizuku.bindUserService. Evidence: V1 qualified command names require lowerCamelCase namespace segments. | Shizuku.bindUserService does not satisfy the V1 lowerCamelCase namespace rule. Evidence: LanguageContractValidator requires every qualified-name segment to be lowerCamelCase. | pluginOwner is organizational metadata, not a V1 provider contract. Evidence: pluginOwner=visualtasker.shizuku; providerCandidate=provider.shizuku."
"shizuku.unbindUserService","Shizuku.unbindUserService","LANGUAGE_COMMAND","none","NEEDS_NORMALIZATION","CANONICAL","NOT_APPLICABLE","none","shizuku.unbindUserService","shizuku.unbindUserService","ACTION","shizuku","shizuku","unbindUserService","STATEMENT","Void/unspecified","Void","CORE|SHIZUKU","provider.shizuku","LIVE_PROVIDER_DEPENDENT","NORMALIZABLE","CAPABILITY_PROVIDER_MIXED|LEGACY_ALIAS_REQUIRED|NAMING_FAMILY_OUTLIER|NON_CANONICAL_NAME|PLUGIN_OWNER_NOT_PROVIDER","PROVIDER_METADATA","Capability, plugin owner and provider currently encode the same family in different fields. Evidence: capability=SHIZUKU, owner=visualtasker.shizuku, providerCandidate=provider.shizuku | Shizuku.unbindUserService must remain an import-only legacy spelling. Evidence: Changing a canonical spelling without an alias would break existing scripts. | Proposed V1 canonical name is shizuku.unbindUserService. Evidence: V1 qualified command names require lowerCamelCase namespace segments. | Shizuku.unbindUserService does not satisfy the V1 lowerCamelCase namespace rule. Evidence: LanguageContractValidator requires every qualified-name segment to be lowerCamelCase. | pluginOwner is organizational metadata, not a V1 provider contract. Evidence: pluginOwner=visualtasker.shizuku; providerCandidate=provider.shizuku."
"shizuku.systemService","Shizuku.systemService","LANGUAGE_COMMAND","none","NEEDS_NORMALIZATION","CANONICAL","NOT_APPLICABLE","none","shizuku.systemService","shizuku.systemService","ACTION","shizuku","shizuku","systemService","STATEMENT","Void/unspecified","Void","CORE|SHIZUKU","provider.shizuku","LIVE_PROVIDER_DEPENDENT","NORMALIZABLE","CAPABILITY_PROVIDER_MIXED|LEGACY_ALIAS_REQUIRED|NAMING_FAMILY_OUTLIER|NON_CANONICAL_NAME|PLUGIN_OWNER_NOT_PROVIDER","PROVIDER_METADATA","Capability, plugin owner and provider currently encode the same family in different fields. Evidence: capability=SHIZUKU, owner=visualtasker.shizuku, providerCandidate=provider.shizuku | Shizuku.systemService must remain an import-only legacy spelling. Evidence: Changing a canonical spelling without an alias would break existing scripts. | Proposed V1 canonical name is shizuku.systemService. Evidence: V1 qualified command names require lowerCamelCase namespace segments. | Shizuku.systemService does not satisfy the V1 lowerCamelCase namespace rule. Evidence: LanguageContractValidator requires every qualified-name segment to be lowerCamelCase. | pluginOwner is organizational metadata, not a V1 provider contract. Evidence: pluginOwner=visualtasker.shizuku; providerCandidate=provider.shizuku."
"shizuku.call","Shizuku.call","LANGUAGE_COMMAND","none","NEEDS_NORMALIZATION","CONFLICT","NOT_APPLICABLE","none","shizuku.call","shizuku.call","ACTION","shizuku","shizuku","call","STATEMENT","Void/unspecified","Void","CORE|SHIZUKU","provider.shizuku","LIVE_PROVIDER_DEPENDENT","NORMALIZABLE","CAPABILITY_PROVIDER_MIXED|LEGACY_ALIAS_REQUIRED|NAMING_FAMILY_OUTLIER|NON_CANONICAL_NAME|PLUGIN_OWNER_NOT_PROVIDER|UNTYPED_DEFAULT|UNTYPED_PARAMETER","PROVIDER_METADATA","Capability, plugin owner and provider currently encode the same family in different fields. Evidence: capability=SHIZUKU, owner=visualtasker.shizuku, providerCandidate=provider.shizuku | Shizuku.call must remain an import-only legacy spelling. Evidence: Changing a canonical spelling without an alias would break existing scripts. | Proposed V1 canonical name is shizuku.call. Evidence: V1 qualified command names require lowerCamelCase namespace segments. | Shizuku.call does not satisfy the V1 lowerCamelCase namespace rule. Evidence: LanguageContractValidator requires every qualified-name segment to be lowerCamelCase. | pluginOwner is organizational metadata, not a V1 provider contract. Evidence: pluginOwner=visualtasker.shizuku; providerCandidate=provider.shizuku. | Default for args has no authoritative target type. Evidence: Raw default is '{}'. | Parameter args uses legacy ANY. Evidence: Accepted legacy types: unspecified."
"termux.isInstalled","termux.isInstalled","LANGUAGE_COMMAND","none","CANONICAL","CANONICAL","NOT_APPLICABLE","none","termux.isInstalled","termux.isInstalled","QUERY","termux","termux","isInstalled","REPORTER","Bool","Bool","CORE|TERMUX","provider.termux","LIVE_PROVIDER_DEPENDENT","NORMALIZABLE","CAPABILITY_PROVIDER_MIXED|PLUGIN_OWNER_NOT_PROVIDER","PROVIDER_METADATA","Capability, plugin owner and provider currently encode the same family in different fields. Evidence: capability=TERMUX, owner=visualtasker.termux, providerCandidate=provider.termux | pluginOwner is organizational metadata, not a V1 provider contract. Evidence: pluginOwner=visualtasker.termux; providerCandidate=provider.termux."
"termux.canRunCommands","Termux.canRunCommands","LANGUAGE_COMMAND","none","NEEDS_NORMALIZATION","CANONICAL","NOT_APPLICABLE","none","termux.canRunCommands","termux.canRunCommands","ACTION","termux","termux","canRunCommands","STATEMENT","Void/unspecified","Void","CORE|TERMUX","provider.termux","LIVE_PROVIDER_DEPENDENT","NORMALIZABLE","CAPABILITY_PROVIDER_MIXED|LEGACY_ALIAS_REQUIRED|NAMING_FAMILY_OUTLIER|NON_CANONICAL_NAME|PLUGIN_OWNER_NOT_PROVIDER","PROVIDER_METADATA","Capability, plugin owner and provider currently encode the same family in different fields. Evidence: capability=TERMUX, owner=visualtasker.termux, providerCandidate=provider.termux | Termux.canRunCommands must remain an import-only legacy spelling. Evidence: Changing a canonical spelling without an alias would break existing scripts. | Proposed V1 canonical name is termux.canRunCommands. Evidence: V1 qualified command names require lowerCamelCase namespace segments. | Termux.canRunCommands does not satisfy the V1 lowerCamelCase namespace rule. Evidence: LanguageContractValidator requires every qualified-name segment to be lowerCamelCase. | pluginOwner is organizational metadata, not a V1 provider contract. Evidence: pluginOwner=visualtasker.termux; providerCandidate=provider.termux."
"termux.writeStdin","Termux.writeStdin","LANGUAGE_COMMAND","none","NEEDS_NORMALIZATION","CANONICAL","NOT_APPLICABLE","none","termux.writeStdin","termux.writeStdin","ACTION","termux","termux","writeStdin","STATEMENT","Void/unspecified","Void","CORE|TERMUX","provider.termux","LIVE_PROVIDER_DEPENDENT","NORMALIZABLE","CAPABILITY_PROVIDER_MIXED|LEGACY_ALIAS_REQUIRED|NAMING_FAMILY_OUTLIER|NON_CANONICAL_NAME|PLUGIN_OWNER_NOT_PROVIDER","PROVIDER_METADATA","Capability, plugin owner and provider currently encode the same family in different fields. Evidence: capability=TERMUX, owner=visualtasker.termux, providerCandidate=provider.termux | Termux.writeStdin must remain an import-only legacy spelling. Evidence: Changing a canonical spelling without an alias would break existing scripts. | Proposed V1 canonical name is termux.writeStdin. Evidence: V1 qualified command names require lowerCamelCase namespace segments. | Termux.writeStdin does not satisfy the V1 lowerCamelCase namespace rule. Evidence: LanguageContractValidator requires every qualified-name segment to be lowerCamelCase. | pluginOwner is organizational metadata, not a V1 provider contract. Evidence: pluginOwner=visualtasker.termux; providerCandidate=provider.termux."
"termux.cancel","Termux.cancel","LANGUAGE_COMMAND","none","NEEDS_NORMALIZATION","CANONICAL","NOT_APPLICABLE","none","termux.cancel","termux.cancel","ACTION","termux","termux","cancel","STATEMENT","Void/unspecified","Void","CORE|TERMUX","provider.termux","LIVE_PROVIDER_DEPENDENT","NORMALIZABLE","CAPABILITY_PROVIDER_MIXED|LEGACY_ALIAS_REQUIRED|NAMING_FAMILY_OUTLIER|NON_CANONICAL_NAME|PLUGIN_OWNER_NOT_PROVIDER","PROVIDER_METADATA","Capability, plugin owner and provider currently encode the same family in different fields. Evidence: capability=TERMUX, owner=visualtasker.termux, providerCandidate=provider.termux | Termux.cancel must remain an import-only legacy spelling. Evidence: Changing a canonical spelling without an alias would break existing scripts. | Proposed V1 canonical name is termux.cancel. Evidence: V1 qualified command names require lowerCamelCase namespace segments. | Termux.cancel does not satisfy the V1 lowerCamelCase namespace rule. Evidence: LanguageContractValidator requires every qualified-name segment to be lowerCamelCase. | pluginOwner is organizational metadata, not a V1 provider contract. Evidence: pluginOwner=visualtasker.termux; providerCandidate=provider.termux."
"termux.get","termux.get","LANGUAGE_COMMAND","none","CANONICAL","CANONICAL","LOSSLESS","none","termux.get","termux.get","QUERY","termux","termux","get","REPORTER","String?","String?","CORE|TERMUX","provider.termux","LIVE_PROVIDER_DEPENDENT","NORMALIZABLE","CAPABILITY_PROVIDER_MIXED|PLUGIN_OWNER_NOT_PROVIDER","PROVIDER_METADATA","Capability, plugin owner and provider currently encode the same family in different fields. Evidence: capability=TERMUX, owner=visualtasker.termux, providerCandidate=provider.termux | pluginOwner is organizational metadata, not a V1 provider contract. Evidence: pluginOwner=visualtasker.termux; providerCandidate=provider.termux."
"scrcpy.hostAvailable","Scrcpy.hostAvailable","LANGUAGE_COMMAND","none","NEEDS_NORMALIZATION","CANONICAL","NOT_APPLICABLE","none","scrcpy.hostAvailable","scrcpy.hostAvailable","ACTION","scrcpy","scrcpy","hostAvailable","STATEMENT","Void/unspecified","Void","CORE|SCRCPY","provider.scrcpy","LIVE_PROVIDER_DEPENDENT","NORMALIZABLE","CAPABILITY_PROVIDER_MIXED|LEGACY_ALIAS_REQUIRED|NAMING_FAMILY_OUTLIER|NON_CANONICAL_NAME|PLUGIN_OWNER_NOT_PROVIDER","PROVIDER_METADATA","Capability, plugin owner and provider currently encode the same family in different fields. Evidence: capability=SCRCPY, owner=visualtasker.scrcpy, providerCandidate=provider.scrcpy | Scrcpy.hostAvailable must remain an import-only legacy spelling. Evidence: Changing a canonical spelling without an alias would break existing scripts. | Proposed V1 canonical name is scrcpy.hostAvailable. Evidence: V1 qualified command names require lowerCamelCase namespace segments. | Scrcpy.hostAvailable does not satisfy the V1 lowerCamelCase namespace rule. Evidence: LanguageContractValidator requires every qualified-name segment to be lowerCamelCase. | pluginOwner is organizational metadata, not a V1 provider contract. Evidence: pluginOwner=visualtasker.scrcpy; providerCandidate=provider.scrcpy."
"scrcpy.devices","Scrcpy.devices","LANGUAGE_COMMAND","none","NEEDS_NORMALIZATION","CANONICAL","NOT_APPLICABLE","none","scrcpy.devices","scrcpy.devices","ACTION","scrcpy","scrcpy","devices","STATEMENT","Void/unspecified","Void","CORE|SCRCPY","provider.scrcpy","LIVE_PROVIDER_DEPENDENT","NORMALIZABLE","CAPABILITY_PROVIDER_MIXED|LEGACY_ALIAS_REQUIRED|NAMING_FAMILY_OUTLIER|NON_CANONICAL_NAME|PLUGIN_OWNER_NOT_PROVIDER","PROVIDER_METADATA","Capability, plugin owner and provider currently encode the same family in different fields. Evidence: capability=SCRCPY, owner=visualtasker.scrcpy, providerCandidate=provider.scrcpy | Scrcpy.devices must remain an import-only legacy spelling. Evidence: Changing a canonical spelling without an alias would break existing scripts. | Proposed V1 canonical name is scrcpy.devices. Evidence: V1 qualified command names require lowerCamelCase namespace segments. | Scrcpy.devices does not satisfy the V1 lowerCamelCase namespace rule. Evidence: LanguageContractValidator requires every qualified-name segment to be lowerCamelCase. | pluginOwner is organizational metadata, not a V1 provider contract. Evidence: pluginOwner=visualtasker.scrcpy; providerCandidate=provider.scrcpy."
"scrcpy.connect","Scrcpy.connect","LANGUAGE_COMMAND","none","NEEDS_NORMALIZATION","CANONICAL","NOT_APPLICABLE","none","scrcpy.connect","scrcpy.connect","ACTION","scrcpy","scrcpy","connect","STATEMENT","Void/unspecified","Void","CORE|SCRCPY","provider.scrcpy","LIVE_PROVIDER_DEPENDENT","NORMALIZABLE","CAPABILITY_PROVIDER_MIXED|LEGACY_ALIAS_REQUIRED|NAMING_FAMILY_OUTLIER|NON_CANONICAL_NAME|PLUGIN_OWNER_NOT_PROVIDER","PROVIDER_METADATA","Capability, plugin owner and provider currently encode the same family in different fields. Evidence: capability=SCRCPY, owner=visualtasker.scrcpy, providerCandidate=provider.scrcpy | Scrcpy.connect must remain an import-only legacy spelling. Evidence: Changing a canonical spelling without an alias would break existing scripts. | Proposed V1 canonical name is scrcpy.connect. Evidence: V1 qualified command names require lowerCamelCase namespace segments. | Scrcpy.connect does not satisfy the V1 lowerCamelCase namespace rule. Evidence: LanguageContractValidator requires every qualified-name segment to be lowerCamelCase. | pluginOwner is organizational metadata, not a V1 provider contract. Evidence: pluginOwner=visualtasker.scrcpy; providerCandidate=provider.scrcpy."
"scrcpy.disconnect","Scrcpy.disconnect","LANGUAGE_COMMAND","none","NEEDS_NORMALIZATION","CANONICAL","NOT_APPLICABLE","none","scrcpy.disconnect","scrcpy.disconnect","ACTION","scrcpy","scrcpy","disconnect","STATEMENT","Void/unspecified","Void","CORE|SCRCPY","provider.scrcpy","LIVE_PROVIDER_DEPENDENT","NORMALIZABLE","CAPABILITY_PROVIDER_MIXED|LEGACY_ALIAS_REQUIRED|NAMING_FAMILY_OUTLIER|NON_CANONICAL_NAME|PLUGIN_OWNER_NOT_PROVIDER","PROVIDER_METADATA","Capability, plugin owner and provider currently encode the same family in different fields. Evidence: capability=SCRCPY, owner=visualtasker.scrcpy, providerCandidate=provider.scrcpy | Scrcpy.disconnect must remain an import-only legacy spelling. Evidence: Changing a canonical spelling without an alias would break existing scripts. | Proposed V1 canonical name is scrcpy.disconnect. Evidence: V1 qualified command names require lowerCamelCase namespace segments. | Scrcpy.disconnect does not satisfy the V1 lowerCamelCase namespace rule. Evidence: LanguageContractValidator requires every qualified-name segment to be lowerCamelCase. | pluginOwner is organizational metadata, not a V1 provider contract. Evidence: pluginOwner=visualtasker.scrcpy; providerCandidate=provider.scrcpy."
"scrcpy.isRunning","scrcpy.isRunning","LANGUAGE_COMMAND","none","CANONICAL","CANONICAL","LOSSLESS","none","scrcpy.isRunning","scrcpy.isRunning","QUERY","scrcpy","scrcpy","isRunning","REPORTER","Bool","Bool","CORE|SCRCPY","provider.scrcpy","LIVE_PROVIDER_DEPENDENT","NORMALIZABLE","CAPABILITY_PROVIDER_MIXED|PLUGIN_OWNER_NOT_PROVIDER","PROVIDER_METADATA","Capability, plugin owner and provider currently encode the same family in different fields. Evidence: capability=SCRCPY, owner=visualtasker.scrcpy, providerCandidate=provider.scrcpy | pluginOwner is organizational metadata, not a V1 provider contract. Evidence: pluginOwner=visualtasker.scrcpy; providerCandidate=provider.scrcpy."
"scrcpy.get","scrcpy.get","LANGUAGE_COMMAND","none","CANONICAL","CANONICAL","LOSSLESS","none","scrcpy.get","scrcpy.get","QUERY","scrcpy","scrcpy","get","REPORTER","String?","String?","CORE|SCRCPY","provider.scrcpy","LIVE_PROVIDER_DEPENDENT","NORMALIZABLE","CAPABILITY_PROVIDER_MIXED|PLUGIN_OWNER_NOT_PROVIDER","PROVIDER_METADATA","Capability, plugin owner and provider currently encode the same family in different fields. Evidence: capability=SCRCPY, owner=visualtasker.scrcpy, providerCandidate=provider.scrcpy | pluginOwner is organizational metadata, not a V1 provider contract. Evidence: pluginOwner=visualtasker.scrcpy; providerCandidate=provider.scrcpy."
"scrcpy.key","Scrcpy.key","LANGUAGE_COMMAND","none","NEEDS_NORMALIZATION","CANONICAL","NOT_APPLICABLE","none","scrcpy.key","scrcpy.key","ACTION","scrcpy","scrcpy","key","STATEMENT","Void/unspecified","Void","CORE|SCRCPY","provider.scrcpy","LIVE_PROVIDER_DEPENDENT","NORMALIZABLE","CAPABILITY_PROVIDER_MIXED|LEGACY_ALIAS_REQUIRED|NAMING_FAMILY_OUTLIER|NON_CANONICAL_NAME|PLUGIN_OWNER_NOT_PROVIDER","PROVIDER_METADATA","Capability, plugin owner and provider currently encode the same family in different fields. Evidence: capability=SCRCPY, owner=visualtasker.scrcpy, providerCandidate=provider.scrcpy | Scrcpy.key must remain an import-only legacy spelling. Evidence: Changing a canonical spelling without an alias would break existing scripts. | Proposed V1 canonical name is scrcpy.key. Evidence: V1 qualified command names require lowerCamelCase namespace segments. | Scrcpy.key does not satisfy the V1 lowerCamelCase namespace rule. Evidence: LanguageContractValidator requires every qualified-name segment to be lowerCamelCase. | pluginOwner is organizational metadata, not a V1 provider contract. Evidence: pluginOwner=visualtasker.scrcpy; providerCandidate=provider.scrcpy."
"scrcpy.text","Scrcpy.text","LANGUAGE_COMMAND","none","NEEDS_NORMALIZATION","CANONICAL","NOT_APPLICABLE","none","scrcpy.text","scrcpy.text","ACTION","scrcpy","scrcpy","text","STATEMENT","Void/unspecified","Void","CORE|SCRCPY","provider.scrcpy","LIVE_PROVIDER_DEPENDENT","NORMALIZABLE","CAPABILITY_PROVIDER_MIXED|LEGACY_ALIAS_REQUIRED|NAMING_FAMILY_OUTLIER|NON_CANONICAL_NAME|PLUGIN_OWNER_NOT_PROVIDER","PROVIDER_METADATA","Capability, plugin owner and provider currently encode the same family in different fields. Evidence: capability=SCRCPY, owner=visualtasker.scrcpy, providerCandidate=provider.scrcpy | Scrcpy.text must remain an import-only legacy spelling. Evidence: Changing a canonical spelling without an alias would break existing scripts. | Proposed V1 canonical name is scrcpy.text. Evidence: V1 qualified command names require lowerCamelCase namespace segments. | Scrcpy.text does not satisfy the V1 lowerCamelCase namespace rule. Evidence: LanguageContractValidator requires every qualified-name segment to be lowerCamelCase. | pluginOwner is organizational metadata, not a V1 provider contract. Evidence: pluginOwner=visualtasker.scrcpy; providerCandidate=provider.scrcpy."
"scrcpy.scroll","Scrcpy.scroll","LANGUAGE_COMMAND","none","NEEDS_NORMALIZATION","CANONICAL","NOT_APPLICABLE","none","scrcpy.scroll","scrcpy.scroll","ACTION","scrcpy","scrcpy","scroll","STATEMENT","Void/unspecified","Void","CORE|SCRCPY","provider.scrcpy","LIVE_PROVIDER_DEPENDENT","NORMALIZABLE","CAPABILITY_PROVIDER_MIXED|LEGACY_ALIAS_REQUIRED|NAMING_FAMILY_OUTLIER|NON_CANONICAL_NAME|PLUGIN_OWNER_NOT_PROVIDER","PROVIDER_METADATA","Capability, plugin owner and provider currently encode the same family in different fields. Evidence: capability=SCRCPY, owner=visualtasker.scrcpy, providerCandidate=provider.scrcpy | Scrcpy.scroll must remain an import-only legacy spelling. Evidence: Changing a canonical spelling without an alias would break existing scripts. | Proposed V1 canonical name is scrcpy.scroll. Evidence: V1 qualified command names require lowerCamelCase namespace segments. | Scrcpy.scroll does not satisfy the V1 lowerCamelCase namespace rule. Evidence: LanguageContractValidator requires every qualified-name segment to be lowerCamelCase. | pluginOwner is organizational metadata, not a V1 provider contract. Evidence: pluginOwner=visualtasker.scrcpy; providerCandidate=provider.scrcpy."
"scrcpy.setClipboard","Scrcpy.setClipboard","LANGUAGE_COMMAND","none","NEEDS_NORMALIZATION","CANONICAL","NOT_APPLICABLE","none","scrcpy.setClipboard","scrcpy.setClipboard","ACTION","scrcpy","scrcpy","setClipboard","STATEMENT","Void/unspecified","Void","CORE|SCRCPY","provider.scrcpy","LIVE_PROVIDER_DEPENDENT","NORMALIZABLE","CAPABILITY_PROVIDER_MIXED|LEGACY_ALIAS_REQUIRED|NAMING_FAMILY_OUTLIER|NON_CANONICAL_NAME|PLUGIN_OWNER_NOT_PROVIDER","PROVIDER_METADATA","Capability, plugin owner and provider currently encode the same family in different fields. Evidence: capability=SCRCPY, owner=visualtasker.scrcpy, providerCandidate=provider.scrcpy | Scrcpy.setClipboard must remain an import-only legacy spelling. Evidence: Changing a canonical spelling without an alias would break existing scripts. | Proposed V1 canonical name is scrcpy.setClipboard. Evidence: V1 qualified command names require lowerCamelCase namespace segments. | Scrcpy.setClipboard does not satisfy the V1 lowerCamelCase namespace rule. Evidence: LanguageContractValidator requires every qualified-name segment to be lowerCamelCase. | pluginOwner is organizational metadata, not a V1 provider contract. Evidence: pluginOwner=visualtasker.scrcpy; providerCandidate=provider.scrcpy."
"scrcpy.setScreenPower","Scrcpy.setScreenPower","LANGUAGE_COMMAND","none","NEEDS_NORMALIZATION","CANONICAL","NOT_APPLICABLE","none","scrcpy.setScreenPower","scrcpy.setScreenPower","ACTION","scrcpy","scrcpy","setScreenPower","STATEMENT","Void/unspecified","Void","CORE|SCRCPY","provider.scrcpy","LIVE_PROVIDER_DEPENDENT","NORMALIZABLE","CAPABILITY_PROVIDER_MIXED|LEGACY_ALIAS_REQUIRED|NAMING_FAMILY_OUTLIER|NON_CANONICAL_NAME|PLUGIN_OWNER_NOT_PROVIDER","PROVIDER_METADATA","Capability, plugin owner and provider currently encode the same family in different fields. Evidence: capability=SCRCPY, owner=visualtasker.scrcpy, providerCandidate=provider.scrcpy | Scrcpy.setScreenPower must remain an import-only legacy spelling. Evidence: Changing a canonical spelling without an alias would break existing scripts. | Proposed V1 canonical name is scrcpy.setScreenPower. Evidence: V1 qualified command names require lowerCamelCase namespace segments. | Scrcpy.setScreenPower does not satisfy the V1 lowerCamelCase namespace rule. Evidence: LanguageContractValidator requires every qualified-name segment to be lowerCamelCase. | pluginOwner is organizational metadata, not a V1 provider contract. Evidence: pluginOwner=visualtasker.scrcpy; providerCandidate=provider.scrcpy."
"scrcpy.rotate","Scrcpy.rotate","LANGUAGE_COMMAND","none","NEEDS_NORMALIZATION","CANONICAL","NOT_APPLICABLE","none","scrcpy.rotate","scrcpy.rotate","ACTION","scrcpy","scrcpy","rotate","STATEMENT","Void/unspecified","Void","CORE|SCRCPY","provider.scrcpy","LIVE_PROVIDER_DEPENDENT","NORMALIZABLE","CAPABILITY_PROVIDER_MIXED|LEGACY_ALIAS_REQUIRED|NAMING_FAMILY_OUTLIER|NON_CANONICAL_NAME|PLUGIN_OWNER_NOT_PROVIDER","PROVIDER_METADATA","Capability, plugin owner and provider currently encode the same family in different fields. Evidence: capability=SCRCPY, owner=visualtasker.scrcpy, providerCandidate=provider.scrcpy | Scrcpy.rotate must remain an import-only legacy spelling. Evidence: Changing a canonical spelling without an alias would break existing scripts. | Proposed V1 canonical name is scrcpy.rotate. Evidence: V1 qualified command names require lowerCamelCase namespace segments. | Scrcpy.rotate does not satisfy the V1 lowerCamelCase namespace rule. Evidence: LanguageContractValidator requires every qualified-name segment to be lowerCamelCase. | pluginOwner is organizational metadata, not a V1 provider contract. Evidence: pluginOwner=visualtasker.scrcpy; providerCandidate=provider.scrcpy."
"chart.hide","Chart.hide","LANGUAGE_COMMAND","none","NEEDS_NORMALIZATION","CANONICAL","NOT_APPLICABLE","none","chart.hide","chart.hide","ACTION","charts","chart","hide","STATEMENT","Void/unspecified","Void","CORE|CHARTS","provider.charts","NO_DISPATCH","CONFLICT","CAPABILITY_PROVIDER_MIXED|LEGACY_ALIAS_REQUIRED|LIVE_FLAG_WITHOUT_DISPATCH|NAMING_FAMILY_OUTLIER|NON_CANONICAL_NAME|PLUGIN_OWNER_NOT_PROVIDER","PROVIDER_METADATA","Capability, plugin owner and provider currently encode the same family in different fields. Evidence: capability=CHARTS, owner=visualtasker.charts, providerCandidate=provider.charts | Chart.hide must remain an import-only legacy spelling. Evidence: Changing a canonical spelling without an alias would break existing scripts. | Catalog marks the command live although no complete live path was confirmed. Evidence: No Chart namespace branch exists in WorkspaceBasicRuntime. | Proposed V1 canonical name is chart.hide. Evidence: V1 qualified command names require lowerCamelCase namespace segments. | Chart.hide does not satisfy the V1 lowerCamelCase namespace rule. Evidence: LanguageContractValidator requires every qualified-name segment to be lowerCamelCase. | pluginOwner is organizational metadata, not a V1 provider contract. Evidence: pluginOwner=visualtasker.charts; providerCandidate=provider.charts."
"chart.remove","Chart.remove","LANGUAGE_COMMAND","none","NEEDS_NORMALIZATION","CANONICAL","NOT_APPLICABLE","none","chart.remove","chart.remove","ACTION","charts","chart","remove","STATEMENT","Void/unspecified","Void","CORE|CHARTS","provider.charts","NO_DISPATCH","CONFLICT","CAPABILITY_PROVIDER_MIXED|LEGACY_ALIAS_REQUIRED|LIVE_FLAG_WITHOUT_DISPATCH|NAMING_FAMILY_OUTLIER|NON_CANONICAL_NAME|PLUGIN_OWNER_NOT_PROVIDER","PROVIDER_METADATA","Capability, plugin owner and provider currently encode the same family in different fields. Evidence: capability=CHARTS, owner=visualtasker.charts, providerCandidate=provider.charts | Chart.remove must remain an import-only legacy spelling. Evidence: Changing a canonical spelling without an alias would break existing scripts. | Catalog marks the command live although no complete live path was confirmed. Evidence: No Chart namespace branch exists in WorkspaceBasicRuntime. | Proposed V1 canonical name is chart.remove. Evidence: V1 qualified command names require lowerCamelCase namespace segments. | Chart.remove does not satisfy the V1 lowerCamelCase namespace rule. Evidence: LanguageContractValidator requires every qualified-name segment to be lowerCamelCase. | pluginOwner is organizational metadata, not a V1 provider contract. Evidence: pluginOwner=visualtasker.charts; providerCandidate=provider.charts."
"chart.exists","chart.exists","LANGUAGE_COMMAND","none","CANONICAL","CANONICAL","LOSSLESS","none","chart.exists","chart.exists","QUERY","charts","chart","exists","REPORTER","Bool","Bool","CORE|CHARTS","provider.charts","LIVE_PROVIDER_DEPENDENT","NORMALIZABLE","CAPABILITY_PROVIDER_MIXED|PLUGIN_OWNER_NOT_PROVIDER","PROVIDER_METADATA","Capability, plugin owner and provider currently encode the same family in different fields. Evidence: capability=CHARTS, owner=visualtasker.charts, providerCandidate=provider.charts | pluginOwner is organizational metadata, not a V1 provider contract. Evidence: pluginOwner=visualtasker.charts; providerCandidate=provider.charts."
"chart.setData","Chart.setData","LANGUAGE_COMMAND","none","NEEDS_NORMALIZATION","CONFLICT","NOT_APPLICABLE","none","chart.setData","chart.setData","ACTION","charts","chart","setData","STATEMENT","Void/unspecified","Void","CORE|CHARTS","provider.charts","NO_DISPATCH","CONFLICT","CAPABILITY_PROVIDER_MIXED|LEGACY_ALIAS_REQUIRED|LIVE_FLAG_WITHOUT_DISPATCH|NAMING_FAMILY_OUTLIER|NON_CANONICAL_NAME|PLUGIN_OWNER_NOT_PROVIDER|UNTYPED_DEFAULT|UNTYPED_PARAMETER","PROVIDER_METADATA","Capability, plugin owner and provider currently encode the same family in different fields. Evidence: capability=CHARTS, owner=visualtasker.charts, providerCandidate=provider.charts | Chart.setData must remain an import-only legacy spelling. Evidence: Changing a canonical spelling without an alias would break existing scripts. | Catalog marks the command live although no complete live path was confirmed. Evidence: No Chart namespace branch exists in WorkspaceBasicRuntime. | Proposed V1 canonical name is chart.setData. Evidence: V1 qualified command names require lowerCamelCase namespace segments. | Chart.setData does not satisfy the V1 lowerCamelCase namespace rule. Evidence: LanguageContractValidator requires every qualified-name segment to be lowerCamelCase. | pluginOwner is organizational metadata, not a V1 provider contract. Evidence: pluginOwner=visualtasker.charts; providerCandidate=provider.charts. | Default for data has no authoritative target type. Evidence: Raw default is '{}'. | Parameter data uses legacy ANY. Evidence: Accepted legacy types: unspecified."
"chart.setOptions","Chart.setOptions","LANGUAGE_COMMAND","none","NEEDS_NORMALIZATION","CONFLICT","NOT_APPLICABLE","none","chart.setOptions","chart.setOptions","ACTION","charts","chart","setOptions","STATEMENT","Void/unspecified","Void","CORE|CHARTS","provider.charts","NO_DISPATCH","CONFLICT","CAPABILITY_PROVIDER_MIXED|LEGACY_ALIAS_REQUIRED|LIVE_FLAG_WITHOUT_DISPATCH|NAMING_FAMILY_OUTLIER|NON_CANONICAL_NAME|PLUGIN_OWNER_NOT_PROVIDER|UNTYPED_DEFAULT|UNTYPED_PARAMETER","PROVIDER_METADATA","Capability, plugin owner and provider currently encode the same family in different fields. Evidence: capability=CHARTS, owner=visualtasker.charts, providerCandidate=provider.charts | Chart.setOptions must remain an import-only legacy spelling. Evidence: Changing a canonical spelling without an alias would break existing scripts. | Catalog marks the command live although no complete live path was confirmed. Evidence: No Chart namespace branch exists in WorkspaceBasicRuntime. | Proposed V1 canonical name is chart.setOptions. Evidence: V1 qualified command names require lowerCamelCase namespace segments. | Chart.setOptions does not satisfy the V1 lowerCamelCase namespace rule. Evidence: LanguageContractValidator requires every qualified-name segment to be lowerCamelCase. | pluginOwner is organizational metadata, not a V1 provider contract. Evidence: pluginOwner=visualtasker.charts; providerCandidate=provider.charts. | Default for options has no authoritative target type. Evidence: Raw default is '{}'. | Parameter options uses legacy ANY. Evidence: Accepted legacy types: unspecified."
"chart.add","Chart.add","LANGUAGE_COMMAND","none","NEEDS_NORMALIZATION","CONFLICT","NOT_APPLICABLE","none","chart.add","chart.add","ACTION","charts","chart","add","STATEMENT","Void/unspecified","Void","CORE|CHARTS","provider.charts","NO_DISPATCH","CONFLICT","CAPABILITY_PROVIDER_MIXED|LEGACY_ALIAS_REQUIRED|LIVE_FLAG_WITHOUT_DISPATCH|NAMING_FAMILY_OUTLIER|NON_CANONICAL_NAME|PLUGIN_OWNER_NOT_PROVIDER|UNTYPED_DEFAULT|UNTYPED_PARAMETER","PROVIDER_METADATA","Capability, plugin owner and provider currently encode the same family in different fields. Evidence: capability=CHARTS, owner=visualtasker.charts, providerCandidate=provider.charts | Chart.add must remain an import-only legacy spelling. Evidence: Changing a canonical spelling without an alias would break existing scripts. | Catalog marks the command live although no complete live path was confirmed. Evidence: No Chart namespace branch exists in WorkspaceBasicRuntime. | Proposed V1 canonical name is chart.add. Evidence: V1 qualified command names require lowerCamelCase namespace segments. | Chart.add does not satisfy the V1 lowerCamelCase namespace rule. Evidence: LanguageContractValidator requires every qualified-name segment to be lowerCamelCase. | pluginOwner is organizational metadata, not a V1 provider contract. Evidence: pluginOwner=visualtasker.charts; providerCandidate=provider.charts. | Default for data has no authoritative target type. Evidence: Raw default is '{}'. | Parameter data uses legacy ANY. Evidence: Accepted legacy types: unspecified."
"chart.update","Chart.update","LANGUAGE_COMMAND","none","NEEDS_NORMALIZATION","CONFLICT","NOT_APPLICABLE","none","chart.update","chart.update","ACTION","charts","chart","update","STATEMENT","Void/unspecified","Void","CORE|CHARTS","provider.charts","NO_DISPATCH","CONFLICT","CAPABILITY_PROVIDER_MIXED|LEGACY_ALIAS_REQUIRED|LIVE_FLAG_WITHOUT_DISPATCH|NAMING_FAMILY_OUTLIER|NON_CANONICAL_NAME|PLUGIN_OWNER_NOT_PROVIDER|UNTYPED_DEFAULT|UNTYPED_PARAMETER","PROVIDER_METADATA","Capability, plugin owner and provider currently encode the same family in different fields. Evidence: capability=CHARTS, owner=visualtasker.charts, providerCandidate=provider.charts | Chart.update must remain an import-only legacy spelling. Evidence: Changing a canonical spelling without an alias would break existing scripts. | Catalog marks the command live although no complete live path was confirmed. Evidence: No Chart namespace branch exists in WorkspaceBasicRuntime. | Proposed V1 canonical name is chart.update. Evidence: V1 qualified command names require lowerCamelCase namespace segments. | Chart.update does not satisfy the V1 lowerCamelCase namespace rule. Evidence: LanguageContractValidator requires every qualified-name segment to be lowerCamelCase. | pluginOwner is organizational metadata, not a V1 provider contract. Evidence: pluginOwner=visualtasker.charts; providerCandidate=provider.charts. | Default for patch has no authoritative target type. Evidence: Raw default is '{}'. | Parameter patch uses legacy ANY. Evidence: Accepted legacy types: unspecified."
"chart.removeData","Chart.removeData","LANGUAGE_COMMAND","none","NEEDS_NORMALIZATION","CONFLICT","NOT_APPLICABLE","none","chart.removeData","chart.removeData","ACTION","charts","chart","removeData","STATEMENT","Void/unspecified","Void","CORE|CHARTS","provider.charts","NO_DISPATCH","CONFLICT","CAPABILITY_PROVIDER_MIXED|LEGACY_ALIAS_REQUIRED|LIVE_FLAG_WITHOUT_DISPATCH|NAMING_FAMILY_OUTLIER|NON_CANONICAL_NAME|PLUGIN_OWNER_NOT_PROVIDER|UNTYPED_DEFAULT|UNTYPED_PARAMETER","PROVIDER_METADATA","Capability, plugin owner and provider currently encode the same family in different fields. Evidence: capability=CHARTS, owner=visualtasker.charts, providerCandidate=provider.charts | Chart.removeData must remain an import-only legacy spelling. Evidence: Changing a canonical spelling without an alias would break existing scripts. | Catalog marks the command live although no complete live path was confirmed. Evidence: No Chart namespace branch exists in WorkspaceBasicRuntime. | Proposed V1 canonical name is chart.removeData. Evidence: V1 qualified command names require lowerCamelCase namespace segments. | Chart.removeData does not satisfy the V1 lowerCamelCase namespace rule. Evidence: LanguageContractValidator requires every qualified-name segment to be lowerCamelCase. | pluginOwner is organizational metadata, not a V1 provider contract. Evidence: pluginOwner=visualtasker.charts; providerCandidate=provider.charts. | Default for selector has no authoritative target type. Evidence: Raw default is '{}'. | Parameter selector uses legacy ANY. Evidence: Accepted legacy types: unspecified."
"chart.clear","Chart.clear","LANGUAGE_COMMAND","none","NEEDS_NORMALIZATION","CANONICAL","NOT_APPLICABLE","none","chart.clear","chart.clear","ACTION","charts","chart","clear","STATEMENT","Void/unspecified","Void","CORE|CHARTS","provider.charts","NO_DISPATCH","CONFLICT","CAPABILITY_PROVIDER_MIXED|LEGACY_ALIAS_REQUIRED|LIVE_FLAG_WITHOUT_DISPATCH|NAMING_FAMILY_OUTLIER|NON_CANONICAL_NAME|PLUGIN_OWNER_NOT_PROVIDER","PROVIDER_METADATA","Capability, plugin owner and provider currently encode the same family in different fields. Evidence: capability=CHARTS, owner=visualtasker.charts, providerCandidate=provider.charts | Chart.clear must remain an import-only legacy spelling. Evidence: Changing a canonical spelling without an alias would break existing scripts. | Catalog marks the command live although no complete live path was confirmed. Evidence: No Chart namespace branch exists in WorkspaceBasicRuntime. | Proposed V1 canonical name is chart.clear. Evidence: V1 qualified command names require lowerCamelCase namespace segments. | Chart.clear does not satisfy the V1 lowerCamelCase namespace rule. Evidence: LanguageContractValidator requires every qualified-name segment to be lowerCamelCase. | pluginOwner is organizational metadata, not a V1 provider contract. Evidence: pluginOwner=visualtasker.charts; providerCandidate=provider.charts."
"chart.get","chart.get","LANGUAGE_COMMAND","none","CANONICAL","CANONICAL","LOSSLESS","none","chart.get","chart.get","QUERY","charts","chart","get","REPORTER","ChartSnapshot?","legacy.chartSnapshot?","CORE|CHARTS","provider.charts","LIVE_PROVIDER_DEPENDENT","NORMALIZABLE","CAPABILITY_PROVIDER_MIXED|PLUGIN_OWNER_NOT_PROVIDER","PROVIDER_METADATA","Capability, plugin owner and provider currently encode the same family in different fields. Evidence: capability=CHARTS, owner=visualtasker.charts, providerCandidate=provider.charts | pluginOwner is organizational metadata, not a V1 provider contract. Evidence: pluginOwner=visualtasker.charts; providerCandidate=provider.charts."
"chart.capture","Chart.capture","LANGUAGE_COMMAND","none","NEEDS_NORMALIZATION","CANONICAL","NOT_APPLICABLE","none","chart.capture","chart.capture","ACTION","charts","chart","capture","STATEMENT","Void/unspecified","Void","CORE|CHARTS","provider.charts","NO_DISPATCH","CONFLICT","CAPABILITY_PROVIDER_MIXED|LEGACY_ALIAS_REQUIRED|LIVE_FLAG_WITHOUT_DISPATCH|NAMING_FAMILY_OUTLIER|NON_CANONICAL_NAME|PLUGIN_OWNER_NOT_PROVIDER","PROVIDER_METADATA","Capability, plugin owner and provider currently encode the same family in different fields. Evidence: capability=CHARTS, owner=visualtasker.charts, providerCandidate=provider.charts | Chart.capture must remain an import-only legacy spelling. Evidence: Changing a canonical spelling without an alias would break existing scripts. | Catalog marks the command live although no complete live path was confirmed. Evidence: No Chart namespace branch exists in WorkspaceBasicRuntime. | Proposed V1 canonical name is chart.capture. Evidence: V1 qualified command names require lowerCamelCase namespace segments. | Chart.capture does not satisfy the V1 lowerCamelCase namespace rule. Evidence: LanguageContractValidator requires every qualified-name segment to be lowerCamelCase. | pluginOwner is organizational metadata, not a V1 provider contract. Evidence: pluginOwner=visualtasker.charts; providerCandidate=provider.charts."
